{
  "checksum": "d326af9ae6ffc576c0f1cde35b5a4542529eada6c7eb8c94f1faf5ba2d8583d5",
  "items": [
    {
      "asset": "voc/lkzn_voc.jpg",
      "checksum": "8f8da196834b31263e14a108a61ad8e85b5f464959f834e817caafac404a3272",
      "length": 883971,
      "name": "VOC: LKZN"
    },
    {
      "asset": "voc/lkzm_voc.jpg",
      "checksum": "1f3b5468bdd33b4032ee9792f704ae659e2f38c67502b49f8c03cd3deab99e8a",
      "length": 993064,
      "name": "VOC: LKZM"
    },
    {
      "asset": "voc/lkzl_voc.jpg",
      "checksum": "9af959dd497f3b3f217175eb03843c14e1d63c87259fee93cfe8160e42928478",
      "length": 1107942,
      "name": "VOC: LKZL"
    },
    {
      "asset": "voc/lkzi_voc.jpg",
      "checksum": "1744c3767b83dcf2600d1594d12e11275dfa3bf18c9cbc36a9d79be88e43a009",
      "length": 1155984,
      "name": "VOC: LKZI"
    },
    {
      "asset": "voc/lkzd_voc.jpg",
      "checksum": "5955dec40940f05fb0cdebad3a5ae65479bc97eb3b5e21bf251ec2696ada25fc",
      "length": 933658,
      "name": "VOC: LKZD"
    },
    {
      "asset": "voc/lkzb_voc.jpg",
      "checksum": "34ab0dff58103069abe7e8ed325e3b3d8f53e2866960b1b1517e29b0baec946b",
      "length": 1197348,
      "name": "VOC: LKZB"
    },
    {
      "asset": "voc/lkza_voc.jpg",
      "checksum": "6b9ef6114bd2152f1bf8d356aaa16b87d1da3daa915095a7172a0428592eabfb",
      "length": 1011248,
      "name": "VOC: LKZA"
    },
    {
      "asset": "voc/lkvy_voc.jpg",
      "checksum": "1d13d01beed94729cf92f4569286e6ffe08d73a832d263f3aa90205fc7a5321e",
      "length": 1042355,
      "name": "VOC: LKVY"
    },
    {
      "asset": "voc/lkvr_voc.jpg",
      "checksum": "f325a89ea8d98e07b1feea57ff3ec0770f72e22e907454d203ef93b62986d48a",
      "length": 1036480,
      "name": "VOC: LKVR"
    },
    {
      "asset": "voc/lkvrat_voc.jpg",
      "checksum": "1d52eca49068e99bbfa5c7845666bafc6f410d22246c52f0ddbe7bab5e47359b",
      "length": 1083714,
      "name": "VOC: LKVRAT"
    },
    {
      "asset": "voc/lkvp_voc.jpg",
      "checksum": "6b63949134a14ef85fc85af1c610ddc8efe438ade290bb4e3cde02ed2935e30d",
      "length": 943456,
      "name": "VOC: LKVP"
    },
    {
      "asset": "voc/lkvo_voc.jpg",
      "checksum": "9cebccf9863c487fb302042026a98580e555eba1c391251110848b84866114c1",
      "length": 1520975,
      "name": "VOC: LKVO"
    },
    {
      "asset": "voc/lkvn_voc.jpg",
      "checksum": "7cd73a46803fbcd4180ab73b18a5a3ea201ce19fa813839591620d3270ea4935",
      "length": 1151188,
      "name": "VOC: LKVN"
    },
    {
      "asset": "voc/lkvm_voc.jpg",
      "checksum": "3b5bf384de55013b2a1e5dd2c4aa7f758a9c1371ca7adbff93adb39fe73c5c96",
      "length": 1059685,
      "name": "VOC: LKVM"
    },
    {
      "asset": "voc/lkvl_voc.jpg",
      "checksum": "54a439bbf9713a8d7629d06fca28aae774c6fed138413baa828edd5fd8786bbb",
      "length": 1169869,
      "name": "VOC: LKVL"
    },
    {
      "asset": "voc/lkus_voc.jpg",
      "checksum": "a2db60848a9f609b8c0fd2f04c739dbed6a655364bdcb04edefa372e51440c04",
      "length": 1135693,
      "name": "VOC: LKUS"
    },
    {
      "asset": "voc/lkuo_voc.jpg",
      "checksum": "ebc948eb980f8ef7d0358f98e951dabb2f52b93c5d4e4021d7a3e58a64454d2d",
      "length": 1035876,
      "name": "VOC: LKUO"
    },
    {
      "asset": "voc/lkul_voc.jpg",
      "checksum": "28d3f04df52f8051a27a34c558dd06a8dc701c4ac989422792a82b0515ccf9d4",
      "length": 973433,
      "name": "VOC: LKUL"
    },
    {
      "asset": "voc/lkuh_voc.jpg",
      "checksum": "c6bcc1691eeffdddf10d03d70414518cdd65425c780594180f453595b6fdc330",
      "length": 1148821,
      "name": "VOC: LKUH"
    },
    {
      "asset": "voc/lkub_voc.jpg",
      "checksum": "81650a99a4132d6345d560b94bd1ba86f0d2915d9ccbe2dcba8c8c4dba65cb22",
      "length": 1140470,
      "name": "VOC: LKUB"
    },
    {
      "asset": "voc/lktu_voc.jpg",
      "checksum": "01b312c84e6bfa029eeeab5db3903a296137ac44591c9d64f8eb9c5d9bcef7f1",
      "length": 1069417,
      "name": "VOC: LKTU"
    },
    {
      "asset": "voc/lktr_voc.jpg",
      "checksum": "ec8b08351495069d6ab78921052f78cc78eb0d4385f938d9e4d4bba8e55f39f7",
      "length": 1095874,
      "name": "VOC: LKTR"
    },
    {
      "asset": "voc/lktrut_voc.jpg",
      "checksum": "11e6cb72ebf1e55dd0d2a996ea50974fb1819fcfab4778ea1234cc50fe0a7829",
      "length": 901371,
      "name": "VOC: LKTRUT"
    },
    {
      "asset": "voc/lktrbh_voc.jpg",
      "checksum": "9f5985ff8c5e6f9429eefc15848b6d680e76366674942177bba3d912cf1d93ba",
      "length": 884133,
      "name": "VOC: LKTRBH"
    },
    {
      "asset": "voc/lkto_voc.jpg",
      "checksum": "de24cf5050ecafff93a3620c39442e66ea1778b47f143b102d6073e0d6052ea3",
      "length": 1165787,
      "name": "VOC: LKTO"
    },
    {
      "asset": "voc/lkth_voc.jpg",
      "checksum": "08c0b65e767c8f18f30bb9c2baa5ac017d9d9bac345fe6f959c449f95cc40d03",
      "length": 1027600,
      "name": "VOC: LKTH"
    },
    {
      "asset": "voc/lktere_voc.jpg",
      "checksum": "4c4f40f0387ad0059989fb7e568fa2e75da1f8f20bf235e7e1d8e0ca98306b0b",
      "length": 1041428,
      "name": "VOC: LKTERE"
    },
    {
      "asset": "voc/lktepl_voc.jpg",
      "checksum": "7ac8c747b7ae4674f1596a20f1747cb630676df182bfd34c67fecd9be5178b97",
      "length": 871716,
      "name": "VOC: LKTEPL"
    },
    {
      "asset": "voc/lktd_voc.jpg",
      "checksum": "16cc3ffb896a4e3104e65bb46b2baedd959db15b4c1b1e887e7228908adcd0d1",
      "length": 820484,
      "name": "VOC: LKTD"
    },
    {
      "asset": "voc/lktc_voc.jpg",
      "checksum": "2da19be18fcdbb437b50e60a2444fafc965c9756b38d6ebeecc74cd78acb9679",
      "length": 1328298,
      "name": "VOC: LKTC"
    },
    {
      "asset": "voc/lktb_voc.jpg",
      "checksum": "661385bce57e9b3c0b04a76129b98c53edc9e8d06f66fa4f5598d2494d187cde",
      "length": 1332021,
      "name": "VOC: LKTB"
    },
    {
      "asset": "voc/lkta_voc.jpg",
      "checksum": "1eab0187640c6dd29a6dced0bf78575ab6e2793f09b363adb22f71a01f303bba",
      "length": 1009060,
      "name": "VOC: LKTA"
    },
    {
      "asset": "voc/lksz_voc.jpg",
      "checksum": "08a0bbe1c8b685a08f7647e68ae6a1d415088a63b1546d3c1a3e86d048a21c8c",
      "length": 1147180,
      "name": "VOC: LKSZ"
    },
    {
      "asset": "voc/lksv_voc.jpg",
      "checksum": "a19f3d30d71ca15639af62cd22f6f3c376353966908316deefbd3aaa9c6bc2f0",
      "length": 1115265,
      "name": "VOC: LKSV"
    },
    {
      "asset": "voc/lksu_voc.jpg",
      "checksum": "376242ee74dce63e5eb716751d95c4427895a27a8a8ba41d318ab09e889a6301",
      "length": 883187,
      "name": "VOC: LKSU"
    },
    {
      "asset": "voc/lkst_voc.jpg",
      "checksum": "b168c8feb232c1d45cc435242a057a0f94ddfdeb15ddfd19414a52b706de21c6",
      "length": 991142,
      "name": "VOC: LKST"
    },
    {
      "asset": "voc/lkstrz_voc.jpg",
      "checksum": "71f8cb392e206996bc58a80fc1836008f3c499dbba78a3a451086fd869d25027",
      "length": 827685,
      "name": "VOC: LKSTRZ"
    },
    {
      "asset": "voc/lkstip_voc.jpg",
      "checksum": "9e4d5be98d6da14d743905b5635bd092f2b8f98dea537958fc8ba0926a319fe9",
      "length": 1001272,
      "name": "VOC: LKSTIP"
    },
    {
      "asset": "voc/lkstet_voc.jpg",
      "checksum": "51bbce5d1a9a25b2629d33f3be357605b8bd3803b196f306e77bdeb7d1013c5c",
      "length": 940454,
      "name": "VOC: LKSTET"
    },
    {
      "asset": "voc/lksr_voc.jpg",
      "checksum": "df54d040379db22339d7c21207d57b87f8e2d1b936682274895fb51e24e8e70f",
      "length": 1081865,
      "name": "VOC: LKSR"
    },
    {
      "asset": "voc/lksp_voc.jpg",
      "checksum": "4c01719b05e6cdb33092b761bd6591182160019fd36141bd503d4de79dbb699b",
      "length": 1026787,
      "name": "VOC: LKSP"
    },
    {
      "asset": "voc/lkso_voc.jpg",
      "checksum": "193253ddc7c40621722d9de48d7755e99657e7d1c0971c62bbfe32d2ff01cfb1",
      "length": 975513,
      "name": "VOC: LKSO"
    },
    {
      "asset": "voc/lksn_voc.jpg",
      "checksum": "0b3116717257015a64a269128b52cdd42086e2921b350f1cf344a7115b8666fc",
      "length": 1220439,
      "name": "VOC: LKSN"
    },
    {
      "asset": "voc/lksl_voc.jpg",
      "checksum": "7ab9d086e8688aeae4663b12941c0077469e29d7dd5c65cbe1452604b92903bd",
      "length": 1106917,
      "name": "VOC: LKSL"
    },
    {
      "asset": "voc/lkslus_voc.jpg",
      "checksum": "8493addca1c8f7d6260decd4cdf14c37a64f46ce1509e8a99a3df284ce0e1435",
      "length": 962849,
      "name": "VOC: LKSLUS"
    },
    {
      "asset": "voc/lksk_voc.jpg",
      "checksum": "b607959f4d5d40ef5bc5153840f73dc1b97569715eee1910d966254f8b91f2dd",
      "length": 1132133,
      "name": "VOC: LKSK"
    },
    {
      "asset": "voc/lksb_voc.jpg",
      "checksum": "ab92416c383279fe8a1a4ab15fec1d7e02543706b54b0acd9aa19df5c03a1dc3",
      "length": 1057775,
      "name": "VOC: LKSB"
    },
    {
      "asset": "voc/lksa_voc.jpg",
      "checksum": "c7becec87fa83866b59e0ad3965e712d3ada16f1720ebecd6c5848efb58a757d",
      "length": 874119,
      "name": "VOC: LKSA"
    },
    {
      "asset": "voc/lkrz_voc.jpg",
      "checksum": "c0cd4e2efca5764d699efa8389708133b2e3a937ac12d1c84b2e595ff335d6c6",
      "length": 965899,
      "name": "VOC: LKRZ"
    },
    {
      "asset": "voc/lkry_voc.jpg",
      "checksum": "af17d4e208c28d5ef5a9ed0ce65d6641850c563cb5928ee481fa0a842fb32564",
      "length": 895681,
      "name": "VOC: LKRY"
    },
    {
      "asset": "voc/lkrv_voc.jpg",
      "checksum": "8184827945a6e59dd5c0108d5a0b038c7d09ef9f69949542df35bcd6e1c73810",
      "length": 2458586,
      "name": "VOC: LKRV"
    },
    {
      "asset": "voc/lkro_voc.jpg",
      "checksum": "e690ab4d7148a2c9bb70a1fb7984fa5ed864cbe58cff2a16e6e65a74c8e475fb",
      "length": 1137926,
      "name": "VOC: LKRO"
    },
    {
      "asset": "voc/lkrk_voc.jpg",
      "checksum": "d13666aa41cb4fa64f0d4f53bce72b3594fb328abca7af8ca9e1f5a1878919bc",
      "length": 1004158,
      "name": "VOC: LKRK"
    },
    {
      "asset": "voc/lkra_voc.jpg",
      "checksum": "65f750a459418de1b65f3e755b1d55db08617fe2d1f181b394462ca2bc1e11e4",
      "length": 1062685,
      "name": "VOC: LKRA"
    },
    {
      "asset": "voc/lkrams_voc.jpg",
      "checksum": "21d6553dcadcc23f849dd6a1023ace9a7c4ea058671f141e3d5fd0238d92e763",
      "length": 809657,
      "name": "VOC: LKRAMS"
    },
    {
      "asset": "voc/lkpz_voc.jpg",
      "checksum": "97aed4f63e866ca0e191ffd3bee428d93b3a8e0082c9b50dfe402afa218f629c",
      "length": 1087760,
      "name": "VOC: LKPZ"
    },
    {
      "asset": "voc/lkpy_voc.jpg",
      "checksum": "c2127d877544c43782a167106fbae3081201bf16148ac2efe8ac975cd221a569",
      "length": 1345152,
      "name": "VOC: LKPY"
    },
    {
      "asset": "voc/lkpv_voc.jpg",
      "checksum": "76f2d43bce12fad6099d0ed256836d081b3de532f50722eb776d5e53483ac0ea",
      "length": 1086947,
      "name": "VOC: LKPV"
    },
    {
      "asset": "voc/lkpt_voc.jpg",
      "checksum": "94ac36de23fc9153ab23a8b57c17ff17242a0e8e193a651331a81b8c7458596b",
      "length": 1376208,
      "name": "VOC: LKPT"
    },
    {
      "asset": "voc/lkps_voc.jpg",
      "checksum": "5d668884e605255c427f23b7b0105d4fa34c1630994d565704d1283f5490e86a",
      "length": 887670,
      "name": "VOC: LKPS"
    },
    {
      "asset": "voc/lkpr_voc.jpg",
      "checksum": "7c6a781f856438d9fbe3aafa5fb735e46cf6163c857f8ca2e786804b3085ef4e",
      "length": 1485321,
      "name": "VOC: LKPR"
    },
    {
      "asset": "voc/lkprim_voc.jpg",
      "checksum": "07c99605dc3cdb51685ad609246aa122271379e77c2dae838bacdf4936332570",
      "length": 992401,
      "name": "VOC: LKPRIM"
    },
    {
      "asset": "voc/lkpp_voc.jpg",
      "checksum": "e2e809989a71556fe771b4923bb0b6c2742df74eb33b245e0a090cbde5fc388c",
      "length": 1376480,
      "name": "VOC: LKPP"
    },
    {
      "asset": "voc/lkpo_voc.jpg",
      "checksum": "922e18013e37fd5ebda2152be83b4ee4c46d8ce41dd796742b50329f808f40f4",
      "length": 1469421,
      "name": "VOC: LKPO"
    },
    {
      "asset": "voc/lkpole_voc.jpg",
      "checksum": "e5e1c7408f02cafda971f6d4e0eb365e8be2471deac2dc130cacf0c2003e27a6",
      "length": 967516,
      "name": "VOC: LKPOLE"
    },
    {
      "asset": "voc/lkpoca_voc.jpg",
      "checksum": "b03f03c3d944f99e47ea350cf708dd15f5713819d71a481e7ca164ddfa6b1e15",
      "length": 1012443,
      "name": "VOC: LKPOCA"
    },
    {
      "asset": "voc/lkpn_voc.jpg",
      "checksum": "1fb94f0fe8668d20239f4b48e7abfa6fbbb246b9abf04fc0cdddbf435da94361",
      "length": 1247663,
      "name": "VOC: LKPN"
    },
    {
      "asset": "voc/lkpm_voc.jpg",
      "checksum": "41dc05a71555d538ddc11d2109a023ac7b3e764571bc590b03032b856d6b1836",
      "length": 1288130,
      "name": "VOC: LKPM"
    },
    {
      "asset": "voc/lkpl_voc.jpg",
      "checksum": "d501b9aa7932ee2c1e41f6f4cb57880cdb94b9df1538566b3a4685ea7965b7de",
      "length": 982155,
      "name": "VOC: LKPL"
    },
    {
      "asset": "voc/lkpk_voc.jpg",
      "checksum": "4863b1ba86440d24311d9dd14e098532570b0397a57747d5386200e24e042871",
      "length": 1366715,
      "name": "VOC: LKPK"
    },
    {
      "asset": "voc/lkpj_voc.jpg",
      "checksum": "98c7a4c922e058baa73691f18846d5d4baa9ebd298c103871de70d1fe4c5fd7b",
      "length": 1086679,
      "name": "VOC: LKPJ"
    },
    {
      "asset": "voc/lkpi_voc.jpg",
      "checksum": "6f5bf7d9e6b5ad3f470b4afb3fff09460291d84a03a697524ac08ca461ca90e1",
      "length": 1072844,
      "name": "VOC: LKPI"
    },
    {
      "asset": "voc/lkpisk_voc.jpg",
      "checksum": "5434e1f7f80bca7b49d1632971cefdc91efe35a217b994fc279a5fe7493b71b1",
      "length": 792267,
      "name": "VOC: LKPISK"
    },
    {
      "asset": "voc/lkph_voc.jpg",
      "checksum": "4e06e5db51475582d2ab26284f10bf508bf6d06acfcfc15cb48db3cdef7311f7",
      "length": 1379840,
      "name": "VOC: LKPH"
    },
    {
      "asset": "voc/lkpg_voc.jpg",
      "checksum": "9e3b2cf24c75c3958b361f1c215b77c762932e3ebd155198006ffb11ae4c1504",
      "length": 2356983,
      "name": "VOC: LKPG"
    },
    {
      "asset": "voc/lkpf_voc.jpg",
      "checksum": "eb19ea4c746b3655a21b46428691bb6856ec25926886585332e7da6bd67df12a",
      "length": 2363215,
      "name": "VOC: LKPF"
    },
    {
      "asset": "voc/lkpe_voc.jpg",
      "checksum": "68734848a35d9d985ca75acc953849e7173a707e7de4f1debc7d2e0b3d6a3c79",
      "length": 1069893,
      "name": "VOC: LKPE"
    },
    {
      "asset": "voc/lkpd_voc.jpg",
      "checksum": "da02f699e6a77f69203d6570529ea96c369d0e893e9336b5dd1d3db7c19ee406",
      "length": 1536270,
      "name": "VOC: LKPD"
    },
    {
      "asset": "voc/lkpc_voc.jpg",
      "checksum": "dde1016a7c3e900562db441908680e762633ea2f8913fed16a9d3895b85ee659",
      "length": 2461393,
      "name": "VOC: LKPC"
    },
    {
      "asset": "voc/lkpb_voc.jpg",
      "checksum": "cdecea3e82515e5139374b602b69549945b8de864ac6a9e5bc14d28537f3173a",
      "length": 1341984,
      "name": "VOC: LKPB"
    },
    {
      "asset": "voc/lkpa_voc.jpg",
      "checksum": "792ea400afce241ff89f4cc6b13cc6f0ba894c9d1c46b818d718ea94eeecf684",
      "length": 989279,
      "name": "VOC: LKPA"
    },
    {
      "asset": "voc/lkpavl_voc.jpg",
      "checksum": "e7fc81e1d7b2b888f5d8a5e72ee39c14ab517044aeff388a2ef80249e984486a",
      "length": 920394,
      "name": "VOC: LKPAVL"
    },
    {
      "asset": "voc/lkoz_voc.jpg",
      "checksum": "0cd19d81e49e6247a5ff0ed72d0837962d5a520b43e9849e16a0fe34fbfb470c",
      "length": 1210566,
      "name": "VOC: LKOZ"
    },
    {
      "asset": "voc/lkov_voc.jpg",
      "checksum": "b611f9b8755ad6450451490bf14ee9a356cdcca8ca5065dbc225b01d12dd68c6",
      "length": 986561,
      "name": "VOC: LKOV"
    },
    {
      "asset": "voc/lkot_voc.jpg",
      "checksum": "cd3459015f084f9e7b8a5716ca1cc3a6fe1bceacae66399f6b893d551f28feb1",
      "length": 1151245,
      "name": "VOC: LKOT"
    },
    {
      "asset": "voc/lkostr_voc.jpg",
      "checksum": "1679b7992b36a13d39b7a05bca161acaeabef02a734ae1a327cd2a277f357e5e",
      "length": 1109455,
      "name": "VOC: LKOSTR"
    },
    {
      "asset": "voc/lkosic_voc.jpg",
      "checksum": "a937853a8f3f2788ece762cd8042115b5c9a4ab93e3d6440099c1fcb2ce5836f",
      "length": 1041213,
      "name": "VOC: LKOSIC"
    },
    {
      "asset": "voc/lkop_voc.jpg",
      "checksum": "f6211e14dd3c7f2ae814df2697c6af3fd0fdd1292bd6fa680899dbc3adb7d491",
      "length": 1184736,
      "name": "VOC: LKOP"
    },
    {
      "asset": "voc/lkopav_voc.jpg",
      "checksum": "8c5598308250f45b0da4236d53e437b342d4ec47c180feebeac1dd357e3c0156",
      "length": 949494,
      "name": "VOC: LKOPAV"
    },
    {
      "asset": "voc/lkol_voc.jpg",
      "checksum": "d3e7f8ed3f415d2e7e5a9206ee88a3ef06de8f0a68b5fbca221af22599ceefce",
      "length": 1086764,
      "name": "VOC: LKOL"
    },
    {
      "asset": "voc/lkoc_voc.jpg",
      "checksum": "21558b5fddc804bb20d41b66f503f5f7997f351eabfa7297eda633bb89aee94e",
      "length": 1143444,
      "name": "VOC: LKOC"
    },
    {
      "asset": "voc/lknymb_voc.jpg",
      "checksum": "211d0c3fe96151d165f9e2639de0ce9813d7957f5f2e73e939cff0e0f1754bfa",
      "length": 1037105,
      "name": "VOC: LKNYMB"
    },
    {
      "asset": "voc/lknvce_voc.jpg",
      "checksum": "5c5c95f30d260a9a13cf436216415cab425c7483d3344b4fc4bac1f7bb9780de",
      "length": 784494,
      "name": "VOC: LKNVCE"
    },
    {
      "asset": "voc/lknuci_voc.jpg",
      "checksum": "25babd954a09e9449456cceb5680da8c43055b75ff242a4a05e6b5a1e44b4a22",
      "length": 1128793,
      "name": "VOC: LKNUCI"
    },
    {
      "asset": "voc/lknr_voc.jpg",
      "checksum": "7669ce2dcaa410c14aa6853f546b18b5b3dbf6d0c9b3ccfd0c228d060ae5dd69",
      "length": 1294499,
      "name": "VOC: LKNR"
    },
    {
      "asset": "voc/lkno_voc.jpg",
      "checksum": "9683c9f54035c244050a961dd3ae57d7040c78ffdbfdecef55e6aa48fb22dbfb",
      "length": 1127428,
      "name": "VOC: LKNO"
    },
    {
      "asset": "voc/lknm_voc.jpg",
      "checksum": "702dd4b95949709881f3a1f4d3cf2cb5897bd94ae1a51741af2e3a4c53e994b3",
      "length": 997464,
      "name": "VOC: LKNM"
    },
    {
      "asset": "voc/lknk_voc.jpg",
      "checksum": "c441ad965cb8858849a0e4463fd22b8cb4411a02c06412f245abad4150296e68",
      "length": 1122731,
      "name": "VOC: LKNK"
    },
    {
      "asset": "voc/lkne_voc.jpg",
      "checksum": "0afa39d47be6600df8f32f0c28f0aed475fc971ebc74dfd9028af4010911f383",
      "length": 1055902,
      "name": "VOC: LKNE"
    },
    {
      "asset": "voc/lknc_voc.jpg",
      "checksum": "0d6164da682d5b23696baf612460fa61354e6b1c76bd81b4f5005f349079257a",
      "length": 1073035,
      "name": "VOC: LKNC"
    },
    {
      "asset": "voc/lknapa_voc.jpg",
      "checksum": "830b6bcf08bd026e2cbcd92526341f5538092878eb0b6aaac8fca2615ec30d9a",
      "length": 813210,
      "name": "VOC: LKNAPA"
    },
    {
      "asset": "voc/lknach_voc.jpg",
      "checksum": "be510a2a50f57b0cf46d8886d127b108a3e7abff71f3930919967a78741c5a76",
      "length": 931987,
      "name": "VOC: LKNACH"
    },
    {
      "asset": "voc/lkmt_voc.jpg",
      "checksum": "44097dc70d7cfe77165c1d4f59e33ca0c9a660895205f102603fa8a474203499",
      "length": 1466650,
      "name": "VOC: LKMT"
    },
    {
      "asset": "voc/lkms_voc.jpg",
      "checksum": "f66bdfc44b9fc5af4307db2b75eac10ee4dd607a2075aca50b73381834322de4",
      "length": 1102573,
      "name": "VOC: LKMS"
    },
    {
      "asset": "voc/lkmr_voc.jpg",
      "checksum": "b4bbe4165e7a088b3abd708621b67ae6b85b2ef576fdbf170292e791c6247e70",
      "length": 669668,
      "name": "VOC: LKMR"
    },
    {
      "asset": "voc/lkmo_voc.jpg",
      "checksum": "e3766fe522906e520110fada22a12789e0bd6cda286cc9120394053e48a67625",
      "length": 1014010,
      "name": "VOC: LKMO"
    },
    {
      "asset": "voc/lkml_voc.jpg",
      "checksum": "b4556ee36b4a6824a0a3001f1e7e552d6ee503924d2a4937cb5927290314c746",
      "length": 2432567,
      "name": "VOC: LKML"
    },
    {
      "asset": "voc/lkmlad_voc.jpg",
      "checksum": "99d87be1c6e4ebf74bf47f38f335fb5e5b758ecaeb7c803014eed59de3bf7e97",
      "length": 1064864,
      "name": "VOC: LKMLAD"
    },
    {
      "asset": "voc/lkmk_voc.jpg",
      "checksum": "2473a3bc42945692d7e638d49b4af6c94b12e1eeaa2d061543bd74b8ab73caaf",
      "length": 1021117,
      "name": "VOC: LKMK"
    },
    {
      "asset": "voc/lkmi_voc.jpg",
      "checksum": "e879d8e188ed492dae597ed615789871f7fd9a6715c5a790b04e0cae6a6f24f0",
      "length": 723665,
      "name": "VOC: LKMI"
    },
    {
      "asset": "voc/lkmist_voc.jpg",
      "checksum": "166f0749f469a61bc8385a360f22194b38dc462672d90b88c9f58a34e921b0f1",
      "length": 1152393,
      "name": "VOC: LKMIST"
    },
    {
      "asset": "voc/lkmiro_voc.jpg",
      "checksum": "f1c35ca4805547fc6fcd3df3f68f27d69dd3a26a83baa8201748a1f918574a2f",
      "length": 899816,
      "name": "VOC: LKMIRO"
    },
    {
      "asset": "voc/lkmira_voc.jpg",
      "checksum": "eb427a5e418f3c51b3357436fe394080459de3722f30145392e58b26bb002514",
      "length": 873448,
      "name": "VOC: LKMIRA"
    },
    {
      "asset": "voc/lkmilo_voc.jpg",
      "checksum": "6154d3b4a88b2f5e19ef2ec94c89e7af81ae478175d9d2412464f94feadbaa75",
      "length": 1068177,
      "name": "VOC: LKMILO"
    },
    {
      "asset": "voc/lkmh_voc.jpg",
      "checksum": "f5620439485cfab9a311a60692ed4cefdfc779a9bfe500453469475049290672",
      "length": 1337947,
      "name": "VOC: LKMH"
    },
    {
      "asset": "voc/lkme_voc.jpg",
      "checksum": "109b323f54c8428b1319adc687a4783c6159286a6a7aa15cf81db7fdd8a40ccc",
      "length": 1218074,
      "name": "VOC: LKME"
    },
    {
      "asset": "voc/lkmb_voc.jpg",
      "checksum": "7ecc119da4bb937442e4f01704209e0d12eb9e6ab8713513efac2274cd51d796",
      "length": 1010263,
      "name": "VOC: LKMB"
    },
    {
      "asset": "voc/lklu_voc.jpg",
      "checksum": "614829622100ea90fa1f56a1a7f52326ee060d7cae4b90e6bbbf44204d2d5053",
      "length": 1049557,
      "name": "VOC: LKLU"
    },
    {
      "asset": "voc/lkluha_voc.jpg",
      "checksum": "dff1504b62c6f26e76a67510b6e30c3ec3dfd90043e61b813a1215ac714b1332",
      "length": 825187,
      "name": "VOC: LKLUHA"
    },
    {
      "asset": "voc/lklt_voc.jpg",
      "checksum": "3b28a38492c897d0cbe5fb113199f738a94df1cd631a3909e57769f9bdb2777e",
      "length": 1263031,
      "name": "VOC: LKLT"
    },
    {
      "asset": "voc/lklo_voc.jpg",
      "checksum": "f2c0a30d05861fe544d9d1a0f8f9405f01e211249c225c5cd81533c7334e9a21",
      "length": 1188503,
      "name": "VOC: LKLO"
    },
    {
      "asset": "voc/lklouc_voc.jpg",
      "checksum": "78e28272ff53f31de80649b081a8a0120e45565d967faed16a6b3e1e3af60f61",
      "length": 945925,
      "name": "VOC: LKLOUC"
    },
    {
      "asset": "voc/lklomn_voc.jpg",
      "checksum": "24c3e82df6130aecf3c3ecca44ccbefe0fb83f4f828ed70809ba3bc085259a2d",
      "length": 858008,
      "name": "VOC: LKLOMN"
    },
    {
      "asset": "voc/lkln_voc.jpg",
      "checksum": "6ffd7832c4ca6f5dcf9504e464b4bbc29dd38bdcee2e4ea9717e031261204874",
      "length": 1242666,
      "name": "VOC: LKLN"
    },
    {
      "asset": "voc/lklk_voc.jpg",
      "checksum": "6ba5515f4c435b036e5937bf45b6a2b9b18634ec54328b4bee6441c7f29b6468",
      "length": 1342094,
      "name": "VOC: LKLK"
    },
    {
      "asset": "voc/lkliba_voc.jpg",
      "checksum": "1a7dfd77846f0427a4fd8bf5c9069c9142f0089c585fa54fa51a6577c66fefb9",
      "length": 790103,
      "name": "VOC: LKLIBA"
    },
    {
      "asset": "voc/lklh_voc.jpg",
      "checksum": "8737237ea84fc47c234e7bf965061ef677f7bf7cec6909a6a6aa391684576bfb",
      "length": 1066930,
      "name": "VOC: LKLH"
    },
    {
      "asset": "voc/lkleto_voc.jpg",
      "checksum": "d8f774c0f32a08708738838ec921841cd8680ed29d14201b465b2decdbe64bd9",
      "length": 958635,
      "name": "VOC: LKLETO"
    },
    {
      "asset": "voc/lklc_voc.jpg",
      "checksum": "c77b84be7db4620985fe30c072c7a80c343a3b173aff5601485628b70630d219",
      "length": 1070468,
      "name": "VOC: LKLC"
    },
    {
      "asset": "voc/lklb_voc.jpg",
      "checksum": "b4a617c61341bac1563a7914d4968922bbcfc5781fecf22d944d531608237e85",
      "length": 1019608,
      "name": "VOC: LKLB"
    },
    {
      "asset": "voc/lkla_voc.jpg",
      "checksum": "e9f6da1fa718704b0e4af9555fb3b3617d35bf5ee0b85e42f304b7d833d6250b",
      "length": 1081981,
      "name": "VOC: LKLA"
    },
    {
      "asset": "voc/lkkz_voc.jpg",
      "checksum": "3c62175e9df395379e4ccdfb9ad7914c84c1a0ffc479a5621fd570d0c214e7c3",
      "length": 1240041,
      "name": "VOC: LKKZ"
    },
    {
      "asset": "voc/lkky_voc.jpg",
      "checksum": "4cc3077dbfcaf0febea006bf429a4df260535e00b4e5a8057465ecb4f3e9725c",
      "length": 1047492,
      "name": "VOC: LKKY"
    },
    {
      "asset": "voc/lkkv_voc.jpg",
      "checksum": "a624fc34c5d5e5baaa8c0d40bf5a708aa9f78566e0b30a5a0397475a7e0c9e68",
      "length": 1425145,
      "name": "VOC: LKKV"
    },
    {
      "asset": "voc/lkkvas_voc.jpg",
      "checksum": "8e5f237a9b0dc118a04bcf43a7dfd0bd4bb3d135e7943c6e2c45c9fc2f57f77d",
      "length": 946399,
      "name": "VOC: LKKVAS"
    },
    {
      "asset": "voc/lkku_voc.jpg",
      "checksum": "819d2eda06b60ef0f837908e8805d64b9b656216caef584195e6273a2043dd0b",
      "length": 1306569,
      "name": "VOC: LKKU"
    },
    {
      "asset": "voc/lkkune_voc.jpg",
      "checksum": "17c48e740a3d2c461dfce251428319fd9cf1ff6bc47ca6b728f111548fed2b51",
      "length": 1070869,
      "name": "VOC: LKKUNE"
    },
    {
      "asset": "voc/lkkt_voc.jpg",
      "checksum": "7ab00bced2836a3970782f0510563164de64c704ac4134a6ced8a49654cca6ac",
      "length": 915583,
      "name": "VOC: LKKT"
    },
    {
      "asset": "voc/lkkr_voc.jpg",
      "checksum": "c4a6d5c28e82b3b5fe9fbdc8d528ccfb81d92bec0c570bc0e2967321c4ad3034",
      "length": 829282,
      "name": "VOC: LKKR"
    },
    {
      "asset": "voc/lkkrpy_voc.jpg",
      "checksum": "6af3082034c590e2658a8548e8ac9e7b3ef541425c629ce41d039ec716df1e23",
      "length": 952708,
      "name": "VOC: LKKRPY"
    },
    {
      "asset": "voc/lkkriz_voc.jpg",
      "checksum": "bc98652e21d462762eb3c8cb5520bc0bcaa976d5cac127903b1088d644d8dba2",
      "length": 819652,
      "name": "VOC: LKKRIZ"
    },
    {
      "asset": "voc/lkkram_voc.jpg",
      "checksum": "488aeda0ff5500857bbc21378a91235b6bee2d8dbde6f552cb4e36d2680b0d2f",
      "length": 839517,
      "name": "VOC: LKKRAM"
    },
    {
      "asset": "voc/lkko_voc.jpg",
      "checksum": "108ce662bb41dedaa43b5a4a43f5b26e9c1225abce6701de39bc5562f3d67242",
      "length": 1240081,
      "name": "VOC: LKKO"
    },
    {
      "asset": "voc/lkkozy_voc.jpg",
      "checksum": "ad0ee41a8152c3796de350938de762b609330472956d5fe3c2f397d4c42a1ac3",
      "length": 1040734,
      "name": "VOC: LKKOZY"
    },
    {
      "asset": "voc/lkkotv_voc.jpg",
      "checksum": "062d097a634fbe1e8d1db4adda327d5a02e2c3e346c66189fcd6dcb5a04d8372",
      "length": 871021,
      "name": "VOC: LKKOTV"
    },
    {
      "asset": "voc/lkkost_voc.jpg",
      "checksum": "183bc7c13fd65223cf214c2da319e0f527598348d4705cd4a5c6dbc031edb69f",
      "length": 1033932,
      "name": "VOC: LKKOST"
    },
    {
      "asset": "voc/lkkn_voc.jpg",
      "checksum": "b3d4ae223e75c425caf62fb3294ae8742359ab0a7804e7af2b47bcdff1abda54",
      "length": 1204585,
      "name": "VOC: LKKN"
    },
    {
      "asset": "voc/lkkm_voc.jpg",
      "checksum": "e7c0bec5e67fa9b4895ce975fed4e2bfb0e77efdcd2fb7209575b963dfaed332",
      "length": 1070036,
      "name": "VOC: LKKM"
    },
    {
      "asset": "voc/lkkl_voc.jpg",
      "checksum": "582e18469ffdebefd2482e8c0890f9efdede27befc74022b586161a2348913c6",
      "length": 2763512,
      "name": "VOC: LKKL"
    },
    {
      "asset": "voc/lkkj_voc.jpg",
      "checksum": "b3051d29ec35c92df3d56561570312436d85a29139844043dee80ae5cbfcd7fa",
      "length": 1127451,
      "name": "VOC: LKKJ"
    },
    {
      "asset": "voc/lkki_voc.jpg",
      "checksum": "05342d4e6a0d046ff4575a3fe2143382d32d1e1b66f3783925e61f3838f7cdf4",
      "length": 895882,
      "name": "VOC: LKKI"
    },
    {
      "asset": "voc/lkke_voc.jpg",
      "checksum": "1fea4f6c8d241c1999f8e1a311715f20e0a58f06898fdfd1bf6d4cc3bae9abae",
      "length": 999213,
      "name": "VOC: LKKE"
    },
    {
      "asset": "voc/lkkejz_voc.jpg",
      "checksum": "d67df14edc39a64f2cbcb13e28b762a3e3dfd021aacb23aead90e57f33d18d95",
      "length": 1001963,
      "name": "VOC: LKKEJZ"
    },
    {
      "asset": "voc/lkka_voc.jpg",
      "checksum": "0885f64c14f2c9438a7e5cf6f68b106ee5f1e7a4d8b6ad5fbd6e1dc117200a6b",
      "length": 1137346,
      "name": "VOC: LKKA"
    },
    {
      "asset": "voc/lkkapl_voc.jpg",
      "checksum": "2e332b99eefa7ebb3d4c83e25477b9f06e1ff6b4078e7003ef83482a776e86e7",
      "length": 867882,
      "name": "VOC: LKKAPL"
    },
    {
      "asset": "voc/lkjr_voc.jpg",
      "checksum": "3d7b58f9cc53b6b1d2aa66923070334f17ea481a8dd81de3112fbc6246d310ff",
      "length": 2165379,
      "name": "VOC: LKJR"
    },
    {
      "asset": "voc/lkjl_voc.jpg",
      "checksum": "2a4aaa386f0671cc1e826b7ab6ef7d2b192a38d13eb62b74eabd46f0232c8aea",
      "length": 1118100,
      "name": "VOC: LKJL"
    },
    {
      "asset": "voc/lkji_voc.jpg",
      "checksum": "d6fbba3cc9325d4dae528720b2ca5f0dba914038b006145b4747d4bb96138cfe",
      "length": 1037190,
      "name": "VOC: LKJI"
    },
    {
      "asset": "voc/lkjiri_voc.jpg",
      "checksum": "2f9a643699559e3743fffc3643c3d4f769da614ca6aee823efe0de9a0b0ae82c",
      "length": 865955,
      "name": "VOC: LKJIRI"
    },
    {
      "asset": "voc/lkjh_voc.jpg",
      "checksum": "fb6fca99a5f037636a335494bd199ceb429aca19d08c085e945720a79c3dea85",
      "length": 972025,
      "name": "VOC: LKJH"
    },
    {
      "asset": "voc/lkje_voc.jpg",
      "checksum": "64ce8fa797aaa0dc04f1f45069bd65103563a130d4d27bacd239399c54a2bd86",
      "length": 949786,
      "name": "VOC: LKJE"
    },
    {
      "asset": "voc/lkjc_voc.jpg",
      "checksum": "627d8b047a1c190a9b12c692ab572c210fc3526fb29c5c9d03e8d298211753e0",
      "length": 991948,
      "name": "VOC: LKJC"
    },
    {
      "asset": "voc/lkja_voc.jpg",
      "checksum": "c88448be28a7d4222a38545c8cddf89e536ec534db7ecde8b27cfdf6037112c0",
      "length": 994976,
      "name": "VOC: LKJA"
    },
    {
      "asset": "voc/lkhv_voc.jpg",
      "checksum": "dc7c875f73ef29d53608b8d64fc4938400b35ba50f9f93b53380d3dd6d6e5c01",
      "length": 1099316,
      "name": "VOC: LKHV"
    },
    {
      "asset": "voc/lkhs_voc.jpg",
      "checksum": "69c778206bbe14d528846a72ff9228b7264f9ff7a66fffc67712e9ad917e50f8",
      "length": 1026547,
      "name": "VOC: LKHS"
    },
    {
      "asset": "voc/lkhr_voc.jpg",
      "checksum": "ef8c524013117e0fd3f6d66e902b150832ff3a8af68cd42e61f532b250dec26e",
      "length": 1182106,
      "name": "VOC: LKHR"
    },
    {
      "asset": "voc/lkhrad_voc.jpg",
      "checksum": "6627180124087aafc949ed043cd4a8944a385c9b92062baf08d9fbbba84e5c40",
      "length": 801684,
      "name": "VOC: LKHRAD"
    },
    {
      "asset": "voc/lkhn_voc.jpg",
      "checksum": "76125d02abe9dad8b3ac7ae7615e5afab22d689905f040228e423be87c8fdb08",
      "length": 668851,
      "name": "VOC: LKHN"
    },
    {
      "asset": "voc/lkhl_voc.jpg",
      "checksum": "4744f20de7464ceb053c370d805def8939679f90f33dacfcca089fac3c7b2a93",
      "length": 1187710,
      "name": "VOC: LKHL"
    },
    {
      "asset": "voc/lkhlas_voc.jpg",
      "checksum": "1410c715863e0a0dc743102c6d7d1ceb0c867cdd61f743cfdbab60330adac8fa",
      "length": 1044705,
      "name": "VOC: LKHLAS"
    },
    {
      "asset": "voc/lkhk_voc.jpg",
      "checksum": "045571dab746c8680e938007be016762af3ae286e87529e1d0f4cca03b9b967b",
      "length": 1397428,
      "name": "VOC: LKHK"
    },
    {
      "asset": "voc/lkhh_voc.jpg",
      "checksum": "db35b589bf595778d3e84ff50c7ed3841931e91925029e5204f5aa97fff6311e",
      "length": 1185089,
      "name": "VOC: LKHH"
    },
    {
      "asset": "voc/lkhd_voc.jpg",
      "checksum": "91e26d6839b692980649a1823870e90cb88d90e5555f9e25a403c2f901df1ba0",
      "length": 1044367,
      "name": "VOC: LKHD"
    },
    {
      "asset": "voc/lkhc_voc.jpg",
      "checksum": "a154adf6442090eff4524aca95bba39e1dea2cf16a2d5eec8d316cff9b54744d",
      "length": 982756,
      "name": "VOC: LKHC"
    },
    {
      "asset": "voc/lkhb_voc.jpg",
      "checksum": "2c06715d702cf388c4f4ba269bb3895d5f27a4ec9e62fce585cbd6f456bd9b5d",
      "length": 1142947,
      "name": "VOC: LKHB"
    },
    {
      "asset": "voc/lkha_voc.jpg",
      "checksum": "b5acafb19fa5535881148f79ab669a2aef14b1d9312795a045e8af4c41fca3f2",
      "length": 1193734,
      "name": "VOC: LKHA"
    },
    {
      "asset": "voc/lkhath_voc.jpg",
      "checksum": "0aca75dc0f4d5c5722d46bf83681ec673847efb11b5e413c92e74cd79c22c4c9",
      "length": 987158,
      "name": "VOC: LKHATH"
    },
    {
      "asset": "voc/lkfr_voc.jpg",
      "checksum": "2b0ff8e39d3570685a4618d148dc94e8840979b6d4e67d731ef4aa756228b448",
      "length": 1090173,
      "name": "VOC: LKFR"
    },
    {
      "asset": "voc/lkfm_voc.jpg",
      "checksum": "190f324a793f49b34f4416acec30da18fcd87cb0b1d4cdb7c4601719de9c706c",
      "length": 1222763,
      "name": "VOC: LKFM"
    },
    {
      "asset": "voc/lkexca_voc.jpg",
      "checksum": "e2f9f6a85b1050aeaf283cf8f94c7ef2d3468e8dcd322982081ab1306665e398",
      "length": 694596,
      "name": "VOC: LKEXCA"
    },
    {
      "asset": "voc/lker_voc.jpg",
      "checksum": "96142ebb0b97a74c94ec576df431a81500592c8272e21690f5126a2b4e991eb0",
      "length": 826350,
      "name": "VOC: LKER"
    },
    {
      "asset": "voc/lkdusn_voc.jpg",
      "checksum": "1ee6cefc8a6d366ebc337ab2861ffa8c8752bd9600a72c050f791d2bb1e32c62",
      "length": 1014470,
      "name": "VOC: LKDUSN"
    },
    {
      "asset": "voc/lkdruz_voc.jpg",
      "checksum": "cffdba7ed237995297c2422374ace052cc25348ddc106d8340eba5500c105646",
      "length": 938317,
      "name": "VOC: LKDRUZ"
    },
    {
      "asset": "voc/lkdo_voc.jpg",
      "checksum": "fe07136621274d5abdf6ea4d7afcca587a671811b00070a2323aedf4dda6ce20",
      "length": 997323,
      "name": "VOC: LKDO"
    },
    {
      "asset": "voc/lkdoud_voc.jpg",
      "checksum": "f464a5bffdd8a1ca23efb5a159032816dc0285f23f2486e419941b8b0830ca56",
      "length": 945513,
      "name": "VOC: LKDOUD"
    },
    {
      "asset": "voc/lkdk_voc.jpg",
      "checksum": "07b98f22197300ae49567217ea138855f82c6cf96abf5fa4b82af7bbd1146779",
      "length": 986654,
      "name": "VOC: LKDK"
    },
    {
      "asset": "voc/lkdetr_voc.jpg",
      "checksum": "d05ad66e2f97e4aa9cb293223ff489067edac0ea66144dbf626abb04d3dcb894",
      "length": 771744,
      "name": "VOC: LKDETR"
    },
    {
      "asset": "voc/lkdc_voc.jpg",
      "checksum": "b58e35b553581d6565a16d09004e6f33baefd7bea02bf708d42ee52d54f5b605",
      "length": 1131454,
      "name": "VOC: LKDC"
    },
    {
      "asset": "voc/lkcu_voc.jpg",
      "checksum": "a05967394a887262264ddbe20a0dc41cdf8a72741b37ca7431e8cfcd50b6ac69",
      "length": 1093052,
      "name": "VOC: LKCU"
    },
    {
      "asset": "voc/lkct_voc.jpg",
      "checksum": "91803f1743477421e6218ae73e60193161e427c3d904a4e4f3ec621d0bf63ebd",
      "length": 1218755,
      "name": "VOC: LKCT"
    },
    {
      "asset": "voc/lkcs_voc.jpg",
      "checksum": "b6e8336f4672a627714406877422a46a4bfa06e97e3e53f88976506d761a63d8",
      "length": 1350755,
      "name": "VOC: LKCS"
    },
    {
      "asset": "voc/lkcr_voc.jpg",
      "checksum": "deb0187ae8cf2e689fec1903b46468296b5b0468b7f1f11245533547a8e814e8",
      "length": 1250872,
      "name": "VOC: LKCR"
    },
    {
      "asset": "voc/lkcp_voc.jpg",
      "checksum": "82691a2ea1818ad98ce69b7449cd0cdec91cbcdf8e13d8ed92c6a439ade345ab",
      "length": 1088189,
      "name": "VOC: LKCP"
    },
    {
      "asset": "voc/lkco_voc.jpg",
      "checksum": "3600d7deb065e4647ab09556bc0c3231931641c9ae6671a0ef824d7f23a87f45",
      "length": 2775662,
      "name": "VOC: LKCO"
    },
    {
      "asset": "voc/lkcm_voc.jpg",
      "checksum": "6328af8c500434b0ce4401d42aed896dbe1d6f40402b859378ec8a3e2995bd48",
      "length": 1180363,
      "name": "VOC: LKCM"
    },
    {
      "asset": "voc/lkch_voc.jpg",
      "checksum": "d51e37147afb2d68f966da1131136a74d48d43c6bf0c6b39b76b6c189823c5e8",
      "length": 982562,
      "name": "VOC: LKCH"
    },
    {
      "asset": "voc/lkchvo_voc.jpg",
      "checksum": "7cf903268633c21dcde5fd064baf90542afed7342c25579db91e96bb9b8e265c",
      "length": 1010548,
      "name": "VOC: LKCHVO"
    },
    {
      "asset": "voc/lkchri_voc.jpg",
      "checksum": "f93ca67ccb3f906fd6124edd30040818d681d737be01bc569e18e51c7fd7154a",
      "length": 884227,
      "name": "VOC: LKCHRI"
    },
    {
      "asset": "voc/lkchra_voc.jpg",
      "checksum": "32751caac1f15e7b9e7eb512f1293cae2c4c42211130f310456142da5530a92a",
      "length": 1062684,
      "name": "VOC: LKCHRA"
    },
    {
      "asset": "voc/lkchov_voc.jpg",
      "checksum": "641cd207a5100fa312f868761ff72df1c5e90bbe60a2a149a0c1d017c703a309",
      "length": 733509,
      "name": "VOC: LKCHOV"
    },
    {
      "asset": "voc/lkchot_voc.jpg",
      "checksum": "2950bece3e767306779c15c520ff88c53935234ce20f4dae5e0077c9b706a966",
      "length": 881695,
      "name": "VOC: LKCHOT"
    },
    {
      "asset": "voc/lkchor_voc.jpg",
      "checksum": "6e73ed67781f4e02bf2a91ff803f8300998ecfaa2d344cd0f1744bfa19227467",
      "length": 924232,
      "name": "VOC: LKCHOR"
    },
    {
      "asset": "voc/lkchoc_voc.jpg",
      "checksum": "9e5af3c68bc338991c91e991f7a57cda48f7937f11868d51012f08c88a58eddf",
      "length": 1088980,
      "name": "VOC: LKCHOC"
    },
    {
      "asset": "voc/lkchar_voc.jpg",
      "checksum": "0ebc5d16319ded41c3ddc35d9ad076986040ae557a7b2ac0b52233f0b3e2413b",
      "length": 968673,
      "name": "VOC: LKCHAR"
    },
    {
      "asset": "voc/lkce_voc.jpg",
      "checksum": "5c28b9fd12fa95aa6771a3e9e6377c99b7324f28171bec3358b013bbba81bfe4",
      "length": 611454,
      "name": "VOC: LKCE"
    },
    {
      "asset": "voc/lkcebi_voc.jpg",
      "checksum": "b05c4f21868dded49c951267d4322508d8a84fc5967300e598bbc21f324d623f",
      "length": 1161060,
      "name": "VOC: LKCEBI"
    },
    {
      "asset": "voc/lkcd_voc.jpg",
      "checksum": "6a252030f0cef3bc8fec774b25b63dba94c60fd8480236f5f40a6e04b7b5b2eb",
      "length": 1225994,
      "name": "VOC: LKCD"
    },
    {
      "asset": "voc/lkcdub_voc.jpg",
      "checksum": "24aebca5a01ff87e5f5c16d2170e01692d7849a504d290d9afb1004a08899eb5",
      "length": 957523,
      "name": "VOC: LKCDUB"
    },
    {
      "asset": "voc/lkcc_voc.jpg",
      "checksum": "3224d20cd5b1bf26e517027cb9bf81b3610f72dbc8ef8dd7df030470a79e4c5c",
      "length": 2329908,
      "name": "VOC: LKCC"
    },
    {
      "asset": "voc/lkcb_voc.jpg",
      "checksum": "dcbd058fa587211bc43480a2ad5534a4476697576925cd4453627e4e1baac6e0",
      "length": 1012978,
      "name": "VOC: LKCB"
    },
    {
      "asset": "voc/lkca_voc.jpg",
      "checksum": "9eb9e3778b865bc4b88f2359642a7c44969581e43a156fd7258edf9748cfc412",
      "length": 1100007,
      "name": "VOC: LKCA"
    },
    {
      "asset": "voc/lkcast_voc.jpg",
      "checksum": "1092e7d598aae74860b8c1c0f63608e0fa540ce277304edf653b4a5e92bb3d4d",
      "length": 857806,
      "name": "VOC: LKCAST"
    },
    {
      "asset": "voc/lkbyst_voc.jpg",
      "checksum": "0e2db5a32efaf192b2f2c4a049385e5ddb86c354a7e7f8be087e5fb29bce9b1e",
      "length": 969049,
      "name": "VOC: LKBYST"
    },
    {
      "asset": "voc/lkbyno_voc.jpg",
      "checksum": "a68a9549b7e9dbf93bd58595eb0e188e540f1fb2a6351db710b5c4bfdda3383c",
      "length": 895840,
      "name": "VOC: LKBYNO"
    },
    {
      "asset": "voc/lkbv_voc.jpg",
      "checksum": "ac2e465f27f315e3d6fbcaa9c77402a6a7cd8652530ccc0aef2991b9358f16b0",
      "length": 1192579,
      "name": "VOC: LKBV"
    },
    {
      "asset": "voc/lkbu_voc.jpg",
      "checksum": "8709442b350b4f298e0eb9932ad29a35b9b2e1986d3fd7df68559ca1e31c21f1",
      "length": 1250556,
      "name": "VOC: LKBU"
    },
    {
      "asset": "voc/lkbudk_voc.jpg",
      "checksum": "c50c9e3874e31cad6dfe38367abdf13bd89dedb5aa4948946e47275a10b03869",
      "length": 1017407,
      "name": "VOC: LKBUDK"
    },
    {
      "asset": "voc/lkbs_voc.jpg",
      "checksum": "1afc994dba95a031065137520b675af618490908835abcd78f8924864f81d0d9",
      "length": 1141100,
      "name": "VOC: LKBS"
    },
    {
      "asset": "voc/lkbr_voc.jpg",
      "checksum": "c525cd59df3ed2c778c52e200474b30d8dc9dac85bb2b8bf93165ca6258369ff",
      "length": 895892,
      "name": "VOC: LKBR"
    },
    {
      "asset": "voc/lkbrto_voc.jpg",
      "checksum": "60af677681f92eab1411a0041f2b6c2a4f51df094a1550e0dd7079c6061bd648",
      "length": 1081411,
      "name": "VOC: LKBRTO"
    },
    {
      "asset": "voc/lkbrez_voc.jpg",
      "checksum": "0a9d32c5f2d376bedd6f752df8167ebc75107758feca96fd85bdb6d8d843156c",
      "length": 1103306,
      "name": "VOC: LKBREZ"
    },
    {
      "asset": "voc/lkbp_voc.jpg",
      "checksum": "495fe7370cb457210bdd012e60cf6bd38ef225d966db0cc56186ca427c83342f",
      "length": 1122710,
      "name": "VOC: LKBP"
    },
    {
      "asset": "voc/lkbo_voc.jpg",
      "checksum": "d83f644527bf6dca5f2cc5f1b5b7ccdd352c4ff2235f849a588934b693c6b985",
      "length": 1055122,
      "name": "VOC: LKBO"
    },
    {
      "asset": "voc/lkbore_voc.jpg",
      "checksum": "4f183231573be561665720c11aafa7926ebfc9c0c79b2e7fd66650df7f66f597",
      "length": 1161600,
      "name": "VOC: LKBORE"
    },
    {
      "asset": "voc/lkbole_voc.jpg",
      "checksum": "f19028d69b3fc4180e006324b0e0364ff9b93a6bacc6ab0ef8129f502dc962aa",
      "length": 819434,
      "name": "VOC: LKBOLE"
    },
    {
      "asset": "voc/lkbn_voc.jpg",
      "checksum": "35db2dc9c341dabed76f7afbc4c8e6dc6c40b9699ae429e6bf8cf58a354b6c12",
      "length": 1184501,
      "name": "VOC: LKBN"
    },
    {
      "asset": "voc/lkbl_voc.jpg",
      "checksum": "5bc8e52a3db9f965d06933a101ff3d4e707e70fd6339477f0e63866a5ad14f6f",
      "length": 1172856,
      "name": "VOC: LKBL"
    },
    {
      "asset": "voc/lkbi_voc.jpg",
      "checksum": "0bdd00d634fa45f9af31753e320de26e70720b91dff86d276745448ceb6c4db0",
      "length": 978992,
      "name": "VOC: LKBI"
    },
    {
      "asset": "voc/lkbg_voc.jpg",
      "checksum": "e408acbf105ef3e22e9ba38d7f0cbfc036d3aa07eb6e4348f0e981a28a38390b",
      "length": 1189466,
      "name": "VOC: LKBG"
    },
    {
      "asset": "voc/lkbe_voc.jpg",
      "checksum": "d14416743f629f2a65f35ebc1c4077a56170884dd28e66e6262b6d1e97bbe110",
      "length": 1108159,
      "name": "VOC: LKBE"
    },
    {
      "asset": "voc/lkbd_voc.jpg",
      "checksum": "71fc66b5179f7300d879f31284b42f2930274a4238933af63e75d765d2a5a31e",
      "length": 1204969,
      "name": "VOC: LKBD"
    },
    {
      "asset": "voc/lkba_voc.jpg",
      "checksum": "3626b18d79b624124c107556a942a2c286e46793af713a1eea23bdd7708b81a1",
      "length": 928845,
      "name": "VOC: LKBA"
    },
    {
      "asset": "adc/lkzn_adc.jpg",
      "checksum": "233a4ae5c6608e19d260ca28cff9b454d247ac09df9cfea7e9cf7cecaf88b503",
      "length": 61015,
      "name": "ADC: LKZN"
    },
    {
      "asset": "adc/lkzm_adc.jpg",
      "checksum": "769eb9bad5638527e2c617754c493a122c0c43c9ce0bf29525f3b415e80a8ddc",
      "length": 114492,
      "name": "ADC: LKZM"
    },
    {
      "asset": "adc/lkzl_adc.jpg",
      "checksum": "861f819815e7031761d846530d12eb508e0c67a3b8522aa06c198401a7b84eb6",
      "length": 129415,
      "name": "ADC: LKZL"
    },
    {
      "asset": "adc/lkzi_adc.jpg",
      "checksum": "6ed0acdef9698990764058706248780942c05d2776756fe8b643e29d8199ed32",
      "length": 392127,
      "name": "ADC: LKZI"
    },
    {
      "asset": "adc/lkzd_adc.jpg",
      "checksum": "ce24816f9f15e7b7827a2a9dc2e5b5e315cfb924c3f9c98ebb137a58b75560b4",
      "length": 84160,
      "name": "ADC: LKZD"
    },
    {
      "asset": "adc/lkzb_adc.jpg",
      "checksum": "943667cc59384993cddf52efdef1a81c0479b8c6471f63a295604f71f2400b0c",
      "length": 92410,
      "name": "ADC: LKZB"
    },
    {
      "asset": "adc/lkza_adc.jpg",
      "checksum": "c68e2f03f84705ee08cbd920aef61dbb000a908b83c9a541061960934e3df638",
      "length": 55844,
      "name": "ADC: LKZA"
    },
    {
      "asset": "adc/lkvy_adc.jpg",
      "checksum": "f17db400ecb8839b0acde999ac04a6812f53f4bde19e97e25b0474d4789948aa",
      "length": 107292,
      "name": "ADC: LKVY"
    },
    {
      "asset": "adc/lkvr_adc.jpg",
      "checksum": "f17b85f44435fd0c9a97f5cad843943c52f92b35d07b54f9d2a9ed19d73c540c",
      "length": 84928,
      "name": "ADC: LKVR"
    },
    {
      "asset": "adc/lkvrat_adc.jpg",
      "checksum": "fcb33b0699b1e73dfece678d4941f6caa333747906263be014956546e4147cc1",
      "length": 46076,
      "name": "ADC: LKVRAT"
    },
    {
      "asset": "adc/lkvp_adc.jpg",
      "checksum": "58230c15df7b47d348821822cf72a2ee25c14fb9b68d6633315aaa73e6b16373",
      "length": 97751,
      "name": "ADC: LKVP"
    },
    {
      "asset": "adc/lkvo_adc.jpg",
      "checksum": "c635b88d3d20ee9513a1ffc3021c654789bb053f21cfa5acbcdb7e019d03e3e4",
      "length": 326690,
      "name": "ADC: LKVO"
    },
    {
      "asset": "adc/lkvn_adc.jpg",
      "checksum": "238c95f9e41311ff5f7427eb1095dd085b53f027ec77b87c19a184cd1d20a782",
      "length": 395180,
      "name": "ADC: LKVN"
    },
    {
      "asset": "adc/lkvm_adc.jpg",
      "checksum": "5fb7af7796cc083223db4a7036d5d192bab6799bde645558ac7e3e6aac3d0f03",
      "length": 94408,
      "name": "ADC: LKVM"
    },
    {
      "asset": "adc/lkvl_adc.jpg",
      "checksum": "4cbdedabcce9885fe060940e26fb803043b26d82489fed2358a98848a1a31c3e",
      "length": 75554,
      "name": "ADC: LKVL"
    },
    {
      "asset": "adc/lkus_adc.jpg",
      "checksum": "f1847f305468afc0c222c704377ab40e88c5763e3870de4cbae484692c88cb8c",
      "length": 404405,
      "name": "ADC: LKUS"
    },
    {
      "asset": "adc/lkuo_adc.jpg",
      "checksum": "cbc116e1def8b9ef8d279a9c255de1a2dadbd95c45bea5f8be648a0a296895e8",
      "length": 107580,
      "name": "ADC: LKUO"
    },
    {
      "asset": "adc/lkul_adc.jpg",
      "checksum": "69b1ca993c947eea8b13976ed522efd92f575185ed5128717f7bcda84ef20c1b",
      "length": 91520,
      "name": "ADC: LKUL"
    },
    {
      "asset": "adc/lkuh_adc.jpg",
      "checksum": "8482cd83d5a6853d55778d7ebeb355eee6efe2f8becb53991238b626feed9831",
      "length": 359847,
      "name": "ADC: LKUH"
    },
    {
      "asset": "adc/lkub_adc.jpg",
      "checksum": "0dcae77472e781de1e622c51d5c640cc7e691a4a8becbe19490a8980bcc4f8e3",
      "length": 435702,
      "name": "ADC: LKUB"
    },
    {
      "asset": "adc/lktu_adc.jpg",
      "checksum": "7c6f40545ab2646df0d35b7c8ffdb2b6059fa29116702d15416129cc1ffb790b",
      "length": 325745,
      "name": "ADC: LKTU"
    },
    {
      "asset": "adc/lktr_adc.jpg",
      "checksum": "0d7de698671350f54821291d9b0640a93657302582fd80f31326bce667c648f5",
      "length": 450683,
      "name": "ADC: LKTR"
    },
    {
      "asset": "adc/lktrut_adc.jpg",
      "checksum": "b53899f65e4b4e3c8b77ce32fdf11947e14b59612d7cbad2abcf22cd5b6c055b",
      "length": 76726,
      "name": "ADC: LKTRUT"
    },
    {
      "asset": "adc/lktrbh_adc.jpg",
      "checksum": "ac38ccb71be1f8b07d0debebd60258c08d238ffaf2a9c20cea8c65499857850b",
      "length": 120498,
      "name": "ADC: LKTRBH"
    },
    {
      "asset": "adc/lkto_adc.jpg",
      "checksum": "a3d79200a19c585a0f0e79093f883041db97f33d6490167c711230ddc242b934",
      "length": 83739,
      "name": "ADC: LKTO"
    },
    {
      "asset": "adc/lkth_adc.jpg",
      "checksum": "a5914c854c338d2a89df04718d557dda0d5bace03e9d3b7543d7fd1dd6bfd19f",
      "length": 284103,
      "name": "ADC: LKTH"
    },
    {
      "asset": "adc/lktere_adc.jpg",
      "checksum": "8c7519429b9d68fef37399b8ee1ee1c97583b5d71b4536f254e7f01c4936eef1",
      "length": 70212,
      "name": "ADC: LKTERE"
    },
    {
      "asset": "adc/lktepl_adc.jpg",
      "checksum": "f8fa0f0354bf7176a1f208d94a2bbc97d33fdd4d96cc3cfc16bef4ada59e91f0",
      "length": 67731,
      "name": "ADC: LKTEPL"
    },
    {
      "asset": "adc/lktd_adc.jpg",
      "checksum": "2cbb1ebca1ffe99d6b71847eb5fa6e88ace42e95b3f8e83f42ae41fa5511c319",
      "length": 139822,
      "name": "ADC: LKTD"
    },
    {
      "asset": "adc/lktc_adc.jpg",
      "checksum": "4d67a2193d82413ec2b84e4a89bab48fd34f327486946629efa328123ea0c01b",
      "length": 78167,
      "name": "ADC: LKTC"
    },
    {
      "asset": "adc/lktb_adc.jpg",
      "checksum": "b3078f111cf08a0c4667b6aa56e6db6fe5747cc3311bcb10caa6d42b4620c87e",
      "length": 320785,
      "name": "ADC: LKTB"
    },
    {
      "asset": "adc/lkta_adc.jpg",
      "checksum": "5c719775c824e94a6497e10ca0594aac3e7bafd36acff52e4d2e25d19085a4b3",
      "length": 119652,
      "name": "ADC: LKTA"
    },
    {
      "asset": "adc/lksz_adc.jpg",
      "checksum": "ea1a41c779caa0bb88767c9e35d323a3757796ba6d64210ae3f3b426cf5e0742",
      "length": 100813,
      "name": "ADC: LKSZ"
    },
    {
      "asset": "adc/lksv_adc.jpg",
      "checksum": "203f4fd6ed2e2ed7e5b9fba4dceffe6b16692e58c08ec52cc8148b4e44b03bbf",
      "length": 379564,
      "name": "ADC: LKSV"
    },
    {
      "asset": "adc/lksu_adc.jpg",
      "checksum": "fa59fc1a2e61c18651cbe1690b4b3c6f717ecb2d175b18d2d509c9f48e7bd513",
      "length": 97944,
      "name": "ADC: LKSU"
    },
    {
      "asset": "adc/lkst_adc.jpg",
      "checksum": "8822b050b3e899f1e026cacb79761b693e6648e5919ab96d80208d17468f257e",
      "length": 87945,
      "name": "ADC: LKST"
    },
    {
      "asset": "adc/lkstrz_adc.jpg",
      "checksum": "d1f8162e16f8412aa8f925561def80d35275f5fa1064c1bfb85cf208381438de",
      "length": 64213,
      "name": "ADC: LKSTRZ"
    },
    {
      "asset": "adc/lkstip_adc.jpg",
      "checksum": "8d13a72c057d5497e219df7622fafb362791c290898d019956fff479f3ccceae",
      "length": 50119,
      "name": "ADC: LKSTIP"
    },
    {
      "asset": "adc/lkstet_adc.jpg",
      "checksum": "f40fd82d6edc22a3346438f154c9310d7d117f3c3a43574b27260ad0a483d833",
      "length": 70347,
      "name": "ADC: LKSTET"
    },
    {
      "asset": "adc/lksr_adc.jpg",
      "checksum": "ed2820bfdffaeb306162d8996fbc33b5ea9255295f6b6d2b2f5898a6c3fe08ab",
      "length": 70463,
      "name": "ADC: LKSR"
    },
    {
      "asset": "adc/lksp_adc.jpg",
      "checksum": "f67fd3e219ff9f3589d28d3a5e0bfda05911748b69460a4b4243b9580106ec2d",
      "length": 430384,
      "name": "ADC: LKSP"
    },
    {
      "asset": "adc/lkso_adc.jpg",
      "checksum": "193948b74b4f2a5c31b49184d4b694d7a399d58285a4c010b2676a02decd5a40",
      "length": 88045,
      "name": "ADC: LKSO"
    },
    {
      "asset": "adc/lksn_adc.jpg",
      "checksum": "419f55e070071f26100087bcbeb05db3bf666d2e43efa5dd591937e2b8ae67d5",
      "length": 95340,
      "name": "ADC: LKSN"
    },
    {
      "asset": "adc/lksl_adc.jpg",
      "checksum": "e253788539b2b896e33624d762888c0fa88b2c190a3e0f174b1b995a73f0ef45",
      "length": 338801,
      "name": "ADC: LKSL"
    },
    {
      "asset": "adc/lkslus_adc.jpg",
      "checksum": "9fece28aae807306e67b41e2218d5b220b42e39dfc0a05352371aed43e3961f1",
      "length": 63555,
      "name": "ADC: LKSLUS"
    },
    {
      "asset": "adc/lksk_adc.jpg",
      "checksum": "29247b5b28ebdc4326710114ed17c28eec43b8d6ce5e1e1191682acc6e5f9b9d",
      "length": 117674,
      "name": "ADC: LKSK"
    },
    {
      "asset": "adc/lksb_adc.jpg",
      "checksum": "3e70f4504c183964f8ad21ed8ee36ad76eff42e08b641b0421924a71f95fd7a6",
      "length": 93292,
      "name": "ADC: LKSB"
    },
    {
      "asset": "adc/lksa_adc.jpg",
      "checksum": "5d4aed38f0b0adededffcded361d61fad33e3e922bda2ab06edb8df69a06f1f7",
      "length": 67927,
      "name": "ADC: LKSA"
    },
    {
      "asset": "adc/lkrz_adc.jpg",
      "checksum": "a3d35913a53120e67580e25a36b1ea3094d990d001007a263f814a97b0ec1f03",
      "length": 274996,
      "name": "ADC: LKRZ"
    },
    {
      "asset": "adc/lkry_adc.jpg",
      "checksum": "1d34d8609764344e0469347ef118e9a66da93b94a26ce775f2ad056257de7e7d",
      "length": 81689,
      "name": "ADC: LKRY"
    },
    {
      "asset": "adc/lkrv_adc.jpg",
      "checksum": "54a6234694de99e3021cac065c469f6721fcb8c3c0f69b1d83360570e9e166d0",
      "length": 523586,
      "name": "ADC: LKRV"
    },
    {
      "asset": "adc/lkro_adc.jpg",
      "checksum": "0100619dcc7a80df9a293a995f9423850b2af199c3edbe571dc98815215bd33a",
      "length": 98483,
      "name": "ADC: LKRO"
    },
    {
      "asset": "adc/lkrk_adc.jpg",
      "checksum": "d67b96c0b42a2313a71008db4fc0fe51a0584e5ce5cfee6844975399fe314439",
      "length": 93851,
      "name": "ADC: LKRK"
    },
    {
      "asset": "adc/lkra_adc.jpg",
      "checksum": "2c61b2c7e228a193eaf959a54fa44abeefd419fa06e03db524bce94b22fa2f85",
      "length": 95303,
      "name": "ADC: LKRA"
    },
    {
      "asset": "adc/lkrams_adc.jpg",
      "checksum": "0e4730a2e1614750c32e6e316c589c6b0aeb848699cced349c8d993381c90508",
      "length": 53149,
      "name": "ADC: LKRAMS"
    },
    {
      "asset": "adc/lkpz_adc.jpg",
      "checksum": "d7ea75c778d5a479d3dd9c65983f998b029d0c74f945bc35db7b3d06fa300bad",
      "length": 415736,
      "name": "ADC: LKPZ"
    },
    {
      "asset": "adc/lkpy_adc.jpg",
      "checksum": "e59b8bb70e9933566e2573eda1b7b351ed6edd67badb5fd0dd322cb9001ef933",
      "length": 405224,
      "name": "ADC: LKPY"
    },
    {
      "asset": "adc/lkpv_adc.jpg",
      "checksum": "46ab541c747c2dd5affe032f8b4a2e781fe1232d1998d5ee4a788201d9eeec13",
      "length": 438828,
      "name": "ADC: LKPV"
    },
    {
      "asset": "adc/lkpt_adc.jpg",
      "checksum": "4a881d87fbb258b23e8c9d4a7b470b0261e56e0f5e6f0586aaa52892f57889b3",
      "length": 531630,
      "name": "ADC: LKPT"
    },
    {
      "asset": "adc/lkps_adc.jpg",
      "checksum": "a8ed488411a6afd77e7098e6589ac14cc5b23228376ba62bfb0e3c5b500310c2",
      "length": 81618,
      "name": "ADC: LKPS"
    },
    {
      "asset": "adc/lkpr_adc.jpg",
      "checksum": "033aa02861f43973f2e3dfd0c5f7788c6609e87120cb3aa388df46cabba0baac",
      "length": 499064,
      "name": "ADC: LKPR"
    },
    {
      "asset": "adc/lkprim_adc.jpg",
      "checksum": "5be66b879f9613a8678b35d1de5218ae004ab38f7c04a697e28feb01a04d7ed2",
      "length": 47683,
      "name": "ADC: LKPRIM"
    },
    {
      "asset": "adc/lkpp_adc.jpg",
      "checksum": "8a7dcc9edd2222c27ed967215b8924a35ab5341bafde1ca61ca07a58bf5b4711",
      "length": 273348,
      "name": "ADC: LKPP"
    },
    {
      "asset": "adc/lkpo_adc.jpg",
      "checksum": "4b3a1eaab7f1ffa864ea9404daf1d1dd354d2d242a750ff2da908132de122f1e",
      "length": 309262,
      "name": "ADC: LKPO"
    },
    {
      "asset": "adc/lkpole_adc.jpg",
      "checksum": "ca7a2834379d4c0e02cd5332eef50e9efd931a999cb94d76f493728e7fb0fb9f",
      "length": 106352,
      "name": "ADC: LKPOLE"
    },
    {
      "asset": "adc/lkpoca_adc.jpg",
      "checksum": "607f909b4e0b28240658f370fa0d219f668dd370c2278ea90c2ced0f4dc0af1c",
      "length": 73328,
      "name": "ADC: LKPOCA"
    },
    {
      "asset": "adc/lkpn_adc.jpg",
      "checksum": "bf63f871e5b947765d5d2aee22b25631e98963abfdecaba3b5c0ae6d8190b5f3",
      "length": 87105,
      "name": "ADC: LKPN"
    },
    {
      "asset": "adc/lkpm_adc.jpg",
      "checksum": "4d84838dcde338e7e191cf01a3ce8464dcad0eab61d99e14240f927b9459b572",
      "length": 248704,
      "name": "ADC: LKPM"
    },
    {
      "asset": "adc/lkpl_adc.jpg",
      "checksum": "676ad1533b556965b5e9fccc9a8bb06a7ce6747b90b48670dd85fbf471bb35f6",
      "length": 74856,
      "name": "ADC: LKPL"
    },
    {
      "asset": "adc/lkpk_adc.jpg",
      "checksum": "138c350dc97dd01ac4d4fa2e1af35ec37af69c073078518b4002d7fdb38c9771",
      "length": 428465,
      "name": "ADC: LKPK"
    },
    {
      "asset": "adc/lkpj_adc.jpg",
      "checksum": "9e28144fea513e15dc17e3783b6b05774243c977b9b12a5c55e212bb01ceaab2",
      "length": 96854,
      "name": "ADC: LKPJ"
    },
    {
      "asset": "adc/lkpi_adc.jpg",
      "checksum": "c99cef1b631d3eedde126b9063f11b5d6960273b3da06421993cf076144a9a33",
      "length": 78386,
      "name": "ADC: LKPI"
    },
    {
      "asset": "adc/lkpisk_adc.jpg",
      "checksum": "c19a42eba9f7c279f83420c3182e29766ccdf5e03559f0c5dbd3f9a13e2c6979",
      "length": 84419,
      "name": "ADC: LKPISK"
    },
    {
      "asset": "adc/lkph_adc.jpg",
      "checksum": "5e5acfcbaa46791ea64bf6cee9b87b97fa269273c24052815034c465d57828f9",
      "length": 545967,
      "name": "ADC: LKPH"
    },
    {
      "asset": "adc/lkpg_adc.jpg",
      "checksum": "fdac23e93876d293ad9ee5e3efb1bfa572d294b6a052e2082fa71ad96cb3e845",
      "length": 427208,
      "name": "ADC: LKPG"
    },
    {
      "asset": "adc/lkpf_adc.jpg",
      "checksum": "79aee3383e018cdaed68818debd416099107f3c404f86b384928d41886429dc6",
      "length": 408209,
      "name": "ADC: LKPF"
    },
    {
      "asset": "adc/lkpe_adc.jpg",
      "checksum": "0064014c79393ed15346325c0e1a74b5619a2c3abc8285f96f2edcabe1c60f13",
      "length": 439662,
      "name": "ADC: LKPE"
    },
    {
      "asset": "adc/lkpd_adc.jpg",
      "checksum": "e7cc7a742aeb3189a2c5d676420be7bddfd5c871c28b74ec9324246ba76571cc",
      "length": 215952,
      "name": "ADC: LKPD"
    },
    {
      "asset": "adc/lkpc_adc.jpg",
      "checksum": "e901b765c7182a8dddf75107a4b3bf20cb791790a0b10a5bc5bc58c0a6be144d",
      "length": 143300,
      "name": "ADC: LKPC"
    },
    {
      "asset": "adc/lkpb_adc.jpg",
      "checksum": "dd4c84c5d728835bf6418c81cd1f2abf526a5f4e853aced861751d2b271dd005",
      "length": 533826,
      "name": "ADC: LKPB"
    },
    {
      "asset": "adc/lkpa_adc.jpg",
      "checksum": "c0799e4b553da4ae88e68eabb1e737b11b6807195a47a103231092da03acd7c8",
      "length": 77610,
      "name": "ADC: LKPA"
    },
    {
      "asset": "adc/lkpavl_adc.jpg",
      "checksum": "32681dc65db203552aa339ab1c748c89274d083dd25285ece8b6631670514939",
      "length": 87645,
      "name": "ADC: LKPAVL"
    },
    {
      "asset": "adc/lkoz_adc.jpg",
      "checksum": "8b7d8ab606ccb55760c70b6fbc5ee928ca78d2c1645e4ad2c728f225fb333142",
      "length": 377568,
      "name": "ADC: LKOZ"
    },
    {
      "asset": "adc/lkov_adc.jpg",
      "checksum": "c38c7cbcb0eba1673ad5d8aa23d1bd9af24bb590a62c5a10d42d5d71178ff2ac",
      "length": 358265,
      "name": "ADC: LKOV"
    },
    {
      "asset": "adc/lkot_adc.jpg",
      "checksum": "555a3af0d198b9268fcc0a9266762c025ab21a7357657ca8d09ea529c7b4decf",
      "length": 317140,
      "name": "ADC: LKOT"
    },
    {
      "asset": "adc/lkostr_adc.jpg",
      "checksum": "bc8bfa0e28fb9c6fb72a30b2fc94baa33a0290b25a03ad0447574a01897c3f33",
      "length": 41093,
      "name": "ADC: LKOSTR"
    },
    {
      "asset": "adc/lkosic_adc.jpg",
      "checksum": "fc48b1a066cd6f4aeee84e27b0612eb177a5345a360f417e9804654f3c07d120",
      "length": 70087,
      "name": "ADC: LKOSIC"
    },
    {
      "asset": "adc/lkop_adc.jpg",
      "checksum": "d2f16e2d5988fd7e114bc28eb4f18f65d9d397e1ee63d601d874cb8ec6c94393",
      "length": 362333,
      "name": "ADC: LKOP"
    },
    {
      "asset": "adc/lkopav_adc.jpg",
      "checksum": "72737a611aeaf9e17e5e954df1bfea6beb27b6aabaee1741bd53bd03a497b15e",
      "length": 47758,
      "name": "ADC: LKOPAV"
    },
    {
      "asset": "adc/lkol_adc.jpg",
      "checksum": "700733ca666b12bbde31a9389a8a62ca5f341da57d6405bd170b06b8d51dfa59",
      "length": 101290,
      "name": "ADC: LKOL"
    },
    {
      "asset": "adc/lkoc_adc.jpg",
      "checksum": "b894959a8b99916ec3392372f25dfb754ac1976c7ec70bd638428d4f25b59807",
      "length": 439543,
      "name": "ADC: LKOC"
    },
    {
      "asset": "adc/lknymb_adc.jpg",
      "checksum": "1696c90258b2dce64fe435fbae8914c8cf6b04edce77ccfac94e2a00454015b7",
      "length": 36481,
      "name": "ADC: LKNYMB"
    },
    {
      "asset": "adc/lknvce_adc.jpg",
      "checksum": "6d1280fbe8050950db81d1a1b8de9784c59b11b4fa8e681fef691d8810eb34fe",
      "length": 58640,
      "name": "ADC: LKNVCE"
    },
    {
      "asset": "adc/lknuci_adc.jpg",
      "checksum": "5fe60700f7b603fbc790b59427324329661a6299c4015171650a27b5ea739097",
      "length": 65998,
      "name": "ADC: LKNUCI"
    },
    {
      "asset": "adc/lknr_adc.jpg",
      "checksum": "da50c2558b474bc81118ebef922b76b45d75edc8636dfedf674c05a33b713e68",
      "length": 530602,
      "name": "ADC: LKNR"
    },
    {
      "asset": "adc/lkno_adc.jpg",
      "checksum": "dbf05010894867ac4e4acd854c4c9eb9fadcc31f44c7500833c80fa0ebeffc88",
      "length": 414288,
      "name": "ADC: LKNO"
    },
    {
      "asset": "adc/lknm_adc.jpg",
      "checksum": "a1e87881e56d698598b06137dbea541834014a8e57d5779c766765e1cc2088c2",
      "length": 90868,
      "name": "ADC: LKNM"
    },
    {
      "asset": "adc/lknk_adc.jpg",
      "checksum": "2bfa27de23575e323ce019c497da841d82370ecb2faed5a8132c86cdabe4540f",
      "length": 221222,
      "name": "ADC: LKNK"
    },
    {
      "asset": "adc/lkne_adc.jpg",
      "checksum": "238f8c171a9d91ef7f62416667beca905842764cb8ae9827d7acbe2beacd3eb9",
      "length": 195433,
      "name": "ADC: LKNE"
    },
    {
      "asset": "adc/lknc_adc.jpg",
      "checksum": "32ce68f639e7fc95da9d50a830f1a6ce12bf2ca69a6a61d5f731693e56494603",
      "length": 463963,
      "name": "ADC: LKNC"
    },
    {
      "asset": "adc/lknapa_adc.jpg",
      "checksum": "9b257bf4a8c7f9e0f3a12318bf077fa1ce1072838098ea50d8516359c9995657",
      "length": 56251,
      "name": "ADC: LKNAPA"
    },
    {
      "asset": "adc/lknach_adc.jpg",
      "checksum": "2a06757a82b3aaff16a6e09657517be201caffd79bf73ed045849f8eba37813c",
      "length": 88889,
      "name": "ADC: LKNACH"
    },
    {
      "asset": "adc/lkmt_adc.jpg",
      "checksum": "70c8a1ddab479d4583ecb328d0a708590d394cececa003739ff63c7749db79e0",
      "length": 401365,
      "name": "ADC: LKMT"
    },
    {
      "asset": "adc/lkms_adc.jpg",
      "checksum": "5c34a5b9ba1cf07a866cee35927a7c8d0c7e70544b39d3c96cfa65cef3e5c90a",
      "length": 365440,
      "name": "ADC: LKMS"
    },
    {
      "asset": "adc/lkmr_adc.jpg",
      "checksum": "d3685c71f5b05b1119f5023542fe23d198110e91d43556786500fa0767e82b43",
      "length": 58013,
      "name": "ADC: LKMR"
    },
    {
      "asset": "adc/lkmo_adc.jpg",
      "checksum": "0edf7ee45074566d235d6b4c0bf0fc8cec1970ce69a594e584e7d33948284251",
      "length": 77416,
      "name": "ADC: LKMO"
    },
    {
      "asset": "adc/lkml_adc.jpg",
      "checksum": "470b83092fe297624b055e9b46890930c85d0bfcda3f6ba991bd375b6a9c2ecc",
      "length": 588381,
      "name": "ADC: LKML"
    },
    {
      "asset": "adc/lkmlad_adc.jpg",
      "checksum": "c182b00f3157d552565654596ec91eeb105bf8c36e07762c728be8862e54f99d",
      "length": 56187,
      "name": "ADC: LKMLAD"
    },
    {
      "asset": "adc/lkmk_adc.jpg",
      "checksum": "c02e4cb994eea0740bd39fc4c918c4db5b88ea9ff9058500398db3533e0ea970",
      "length": 138875,
      "name": "ADC: LKMK"
    },
    {
      "asset": "adc/lkmi_adc.jpg",
      "checksum": "2f809dc6ed8a4d50398ef5bf2fe5924b98c5342e29474adc270da680cd2d9997",
      "length": 90927,
      "name": "ADC: LKMI"
    },
    {
      "asset": "adc/lkmist_adc.jpg",
      "checksum": "2f7c9fd3549c0536d7a88034154a6ff85602b6d0ff176b011e9e23bb45efe4bd",
      "length": 75656,
      "name": "ADC: LKMIST"
    },
    {
      "asset": "adc/lkmiro_adc.jpg",
      "checksum": "393ef93e0020258364b32e0252819aef8d21702b0db4ff85c599786759744db2",
      "length": 75405,
      "name": "ADC: LKMIRO"
    },
    {
      "asset": "adc/lkmira_adc.jpg",
      "checksum": "be380a94837b78f3fe7cabde3fcec39406276f8577b7e2889a2a0d7a6fdbe8e0",
      "length": 67159,
      "name": "ADC: LKMIRA"
    },
    {
      "asset": "adc/lkmilo_adc.jpg",
      "checksum": "c5341e592294ae5d36dfe2972b45d8d29fcf6aa7697b784587316eb9cbd0f455",
      "length": 71258,
      "name": "ADC: LKMILO"
    },
    {
      "asset": "adc/lkmh_adc.jpg",
      "checksum": "4b1c153c555526a32beca28451c6f7ec41b8cf4addac5d3f019b6f6b7d45715c",
      "length": 229005,
      "name": "ADC: LKMH"
    },
    {
      "asset": "adc/lkme_adc.jpg",
      "checksum": "44db60f635b933b6778d6757c01f580d6536de208314e76496f8cfaaa5e53f02",
      "length": 561054,
      "name": "ADC: LKME"
    },
    {
      "asset": "adc/lkmb_adc.jpg",
      "checksum": "b69740fe3f558fac2b1a25da219f68feba4b1c711e0661c6c17b9cea0942e660",
      "length": 95373,
      "name": "ADC: LKMB"
    },
    {
      "asset": "adc/lklu_adc.jpg",
      "checksum": "6d5c15112801b80e8fe32fef92c9612665301b4db0170b9d4ccb0427251424ee",
      "length": 81352,
      "name": "ADC: LKLU"
    },
    {
      "asset": "adc/lkluha_adc.jpg",
      "checksum": "b7e5d3fedfda91725a819c7cd93d68e7c9b9424808b8e9ffeef71a353a01f623",
      "length": 53237,
      "name": "ADC: LKLUHA"
    },
    {
      "asset": "adc/lklt_adc.jpg",
      "checksum": "5948adfff382d913f1fe6052bbe21ddc412def7b3406e2de6f1909f24edd910e",
      "length": 95216,
      "name": "ADC: LKLT"
    },
    {
      "asset": "adc/lklo_adc.jpg",
      "checksum": "eb4130034fb74af6752ff583616338bc7857da920f260516f140ed84c62c95f1",
      "length": 349701,
      "name": "ADC: LKLO"
    },
    {
      "asset": "adc/lklouc_adc.jpg",
      "checksum": "1428f82920d10bb79fceab11fdd5cbf98e69f6be2c0afa2694cf8ed721963f50",
      "length": 44099,
      "name": "ADC: LKLOUC"
    },
    {
      "asset": "adc/lklomn_adc.jpg",
      "checksum": "5de38057bc37cb60ff405f2386c18d556963080a194c579dfb539ddff3044e94",
      "length": 46617,
      "name": "ADC: LKLOMN"
    },
    {
      "asset": "adc/lkln_adc.jpg",
      "checksum": "7f6b32d235bcea0fb093095fa7375c05ea967fa49ff0208a59759aae9ec0d56d",
      "length": 200359,
      "name": "ADC: LKLN"
    },
    {
      "asset": "adc/lklk_adc.jpg",
      "checksum": "f9a6baa9e985ac056774f09b817b0264efc900836447a0d8447a747e8c438f81",
      "length": 279837,
      "name": "ADC: LKLK"
    },
    {
      "asset": "adc/lkliba_adc.jpg",
      "checksum": "f5cfdefcb66b2117af61d445cda70969165ebdc55622adc4d881fcac32b66e66",
      "length": 47196,
      "name": "ADC: LKLIBA"
    },
    {
      "asset": "adc/lklh_adc.jpg",
      "checksum": "699ceefd670dd1311226f3c652fa9ab9c5be33852dee42bed45723d6e35e3903",
      "length": 277396,
      "name": "ADC: LKLH"
    },
    {
      "asset": "adc/lkleto_adc.jpg",
      "checksum": "45a4ac3d0952b1a33f8cb7247e759920f5c1b02f98139a4f8b7544f031554a86",
      "length": 66845,
      "name": "ADC: LKLETO"
    },
    {
      "asset": "adc/lklc_adc.jpg",
      "checksum": "c24649a6cf4a3cbe2b21f6b22617d2d4fcfc59f854d82c2f309790ff2e2a10b0",
      "length": 508505,
      "name": "ADC: LKLC"
    },
    {
      "asset": "adc/lklb_adc.jpg",
      "checksum": "fc5f281faec92f2b00de20ae85a8edaecc7884a9897133275dfc43a176dd81ac",
      "length": 112470,
      "name": "ADC: LKLB"
    },
    {
      "asset": "adc/lkla_adc.jpg",
      "checksum": "4e12f6fda9df0221e6a8444c0a32301810dc07bdba26f696341cdfb7d3a47dfa",
      "length": 329678,
      "name": "ADC: LKLA"
    },
    {
      "asset": "adc/lkkz_adc.jpg",
      "checksum": "b6c1a54d2c6a500cb6722f629ba3a8dd70294238312cc4cdf9db93377c53113b",
      "length": 365991,
      "name": "ADC: LKKZ"
    },
    {
      "asset": "adc/lkky_adc.jpg",
      "checksum": "c5794ca916045232cc550752ac8fba4c053009b6db934f6852322131f99ca233",
      "length": 85313,
      "name": "ADC: LKKY"
    },
    {
      "asset": "adc/lkkv_adc.jpg",
      "checksum": "2190cb17f40564b4d45c617164d2b11a42cda181ec57cf0b45dae16b80fdceab",
      "length": 230180,
      "name": "ADC: LKKV"
    },
    {
      "asset": "adc/lkkvas_adc.jpg",
      "checksum": "febd70da351d0d43c9b61dd7c9278971ff3c06ca4bdb98850847c4227a443558",
      "length": 46254,
      "name": "ADC: LKKVAS"
    },
    {
      "asset": "adc/lkku_adc.jpg",
      "checksum": "5b3fa4737027dba53948c905c88aeffcf82305d675be3bcd9dcd7e229c4110cd",
      "length": 267462,
      "name": "ADC: LKKU"
    },
    {
      "asset": "adc/lkkune_adc.jpg",
      "checksum": "08393744f8e36087a01e4b229dca5ac3817639dc82fe88a94a79ce492fcb3042",
      "length": 93140,
      "name": "ADC: LKKUNE"
    },
    {
      "asset": "adc/lkkt_adc.jpg",
      "checksum": "4c4aefc6bcb920230738024391143a9b6f571cc5e2669a86f0594e38bfca8767",
      "length": 74720,
      "name": "ADC: LKKT"
    },
    {
      "asset": "adc/lkkr_adc.jpg",
      "checksum": "7c3b6659c945e210e3c4a81fe992cc6818c5b31a6470f1c663fc02afabacf12b",
      "length": 102761,
      "name": "ADC: LKKR"
    },
    {
      "asset": "adc/lkkrpy_adc.jpg",
      "checksum": "d1bfa36e0c858c495b35b93d11d8305c7817a801da4ab00a5edf44695027f23c",
      "length": 53677,
      "name": "ADC: LKKRPY"
    },
    {
      "asset": "adc/lkkriz_adc.jpg",
      "checksum": "75320cbdc1b768bb90ed57a9dc09be6676f92c011aabe883e9765e9056434518",
      "length": 42543,
      "name": "ADC: LKKRIZ"
    },
    {
      "asset": "adc/lkkram_adc.jpg",
      "checksum": "1dbbd4385c67cb4daeb9149183d5d992c963d5cbc8636dfb3f8af6f489a1e1af",
      "length": 41347,
      "name": "ADC: LKKRAM"
    },
    {
      "asset": "adc/lkko_adc.jpg",
      "checksum": "56585df9f772184033c9283710e2422dcbe69cbd7d1d451b4f2d92c595022a68",
      "length": 69969,
      "name": "ADC: LKKO"
    },
    {
      "asset": "adc/lkkozy_adc.jpg",
      "checksum": "28adbf56172f5c86a3933d97f41b66fee9416b4c52615244d7f67312173efe4c",
      "length": 91992,
      "name": "ADC: LKKOZY"
    },
    {
      "asset": "adc/lkkotv_adc.jpg",
      "checksum": "13b9a091a7a8ad6fb95ab5c3dc61e1459942c02d7cc050270793ec8d2ed781b8",
      "length": 51310,
      "name": "ADC: LKKOTV"
    },
    {
      "asset": "adc/lkkost_adc.jpg",
      "checksum": "4e646cd6f5eb25d53e58b46319aece378c4877558812e35406e191e2b9a82b4d",
      "length": 50656,
      "name": "ADC: LKKOST"
    },
    {
      "asset": "adc/lkkn_adc.jpg",
      "checksum": "ac8735877cd609077107a2aa35831d5b83072acb86a9623d841b2fd3a042d322",
      "length": 491412,
      "name": "ADC: LKKN"
    },
    {
      "asset": "adc/lkkm_adc.jpg",
      "checksum": "0f5cceff89f6a5f171f711a41af31f39bece3c7499a1eef3cde653f2053c7932",
      "length": 98631,
      "name": "ADC: LKKM"
    },
    {
      "asset": "adc/lkkl_adc.jpg",
      "checksum": "9190e7e8566b467fe67dc86e8c11a5064c36f54a0b83638174bd717e1023a3fe",
      "length": 262786,
      "name": "ADC: LKKL"
    },
    {
      "asset": "adc/lkkj_adc.jpg",
      "checksum": "a88e272f84856ede32d752125bca004e59205722d4a116b7b7d5a4a6e0991d42",
      "length": 316907,
      "name": "ADC: LKKJ"
    },
    {
      "asset": "adc/lkki_adc.jpg",
      "checksum": "1075aa05146c7aa017fc309528bc369ab4285daaa2a1b1be900cca2e39188a8a",
      "length": 425753,
      "name": "ADC: LKKI"
    },
    {
      "asset": "adc/lkke_adc.jpg",
      "checksum": "42416a087d046d0c5881003335ebbcd488e83a6194d4c4534988f5abbf826021",
      "length": 245069,
      "name": "ADC: LKKE"
    },
    {
      "asset": "adc/lkkejz_adc.jpg",
      "checksum": "a4bddebe798a2c488ee862a206e5e031fce612ee4a93bfac1aae60b4112ba2f4",
      "length": 56887,
      "name": "ADC: LKKEJZ"
    },
    {
      "asset": "adc/lkka_adc.jpg",
      "checksum": "c1f659744a88bc78c3e67f195523e3134be36297edb9cfa5ac8e543f634dc188",
      "length": 105895,
      "name": "ADC: LKKA"
    },
    {
      "asset": "adc/lkkapl_adc.jpg",
      "checksum": "cca0b2b336ddb598ffa1e2398326a9924078bfb9f6eebbce923d17cbb4c6cc8e",
      "length": 127027,
      "name": "ADC: LKKAPL"
    },
    {
      "asset": "adc/lkjr_adc.jpg",
      "checksum": "0aa31c84de09fb736800d226d14d3ef1c5242ed2a7b46110dd34bc156097216f",
      "length": 437486,
      "name": "ADC: LKJR"
    },
    {
      "asset": "adc/lkjl_adc.jpg",
      "checksum": "bc6cf788285e5214908662900cb15f90042ffbfe360d9015b9081e782b5f9d6b",
      "length": 450009,
      "name": "ADC: LKJL"
    },
    {
      "asset": "adc/lkji_adc.jpg",
      "checksum": "84bc704341facfee78a81929a75058bc87a8ae9264c7db9b5b21a5997d87bcf9",
      "length": 102761,
      "name": "ADC: LKJI"
    },
    {
      "asset": "adc/lkjiri_adc.jpg",
      "checksum": "05fe98d6e14bdb72a59088c9357cc3583126fac470aa413add5b46570b83ddd0",
      "length": 72393,
      "name": "ADC: LKJIRI"
    },
    {
      "asset": "adc/lkjh_adc.jpg",
      "checksum": "0ed72e860433f7c2a3c6931dac40a053ae39283faffc4f5f293a37327d976194",
      "length": 120161,
      "name": "ADC: LKJH"
    },
    {
      "asset": "adc/lkje_adc.jpg",
      "checksum": "8add607bc731af3510e2042db315c5808f07c459d4bcf0e2e21198049d24c080",
      "length": 363784,
      "name": "ADC: LKJE"
    },
    {
      "asset": "adc/lkjc_adc.jpg",
      "checksum": "a62631017876b097c5fd90fd6d9ae50236469e7c5e8e19b4fae7952b9ffc9536",
      "length": 113683,
      "name": "ADC: LKJC"
    },
    {
      "asset": "adc/lkja_adc.jpg",
      "checksum": "aaeef163084c12ec53d673dac56e98e3aef4cf0f6a3b640eee9f3c28a9851405",
      "length": 146691,
      "name": "ADC: LKJA"
    },
    {
      "asset": "adc/lkhv_adc.jpg",
      "checksum": "328763b41745627bf4d591be8be3753142249336ee9729925ea8b9d2cdd4272d",
      "length": 96862,
      "name": "ADC: LKHV"
    },
    {
      "asset": "adc/lkhs_adc.jpg",
      "checksum": "04f44a2a4e43fab4cea3203dedb6abc4861f53c89d8d35df9fddecb9fd03bf21",
      "length": 103275,
      "name": "ADC: LKHS"
    },
    {
      "asset": "adc/lkhr_adc.jpg",
      "checksum": "2e2f2d0e1bd8107a594c98b3b3a72ef90463f529cc43d134b507839c88f64539",
      "length": 366703,
      "name": "ADC: LKHR"
    },
    {
      "asset": "adc/lkhrad_adc.jpg",
      "checksum": "9bed19938efb162a410d855a6532e3aa20128ca85698b025a4c88b93b1308135",
      "length": 59063,
      "name": "ADC: LKHRAD"
    },
    {
      "asset": "adc/lkhn_adc.jpg",
      "checksum": "c7b8893cf55aacadd7ee4a8594a9341348ad84382c2f35ae45b9cdde9f9e851f",
      "length": 95180,
      "name": "ADC: LKHN"
    },
    {
      "asset": "adc/lkhl_adc.jpg",
      "checksum": "7c46f58fd49c8e9aaab665670587f54b90def777cf9dec47111e2dd0c0ea73e7",
      "length": 460232,
      "name": "ADC: LKHL"
    },
    {
      "asset": "adc/lkhlas_adc.jpg",
      "checksum": "e5ecf2e71ea3b12a27ad9e376e2ecc4006f905aaf0a6e14f81ec253af9f6a357",
      "length": 68682,
      "name": "ADC: LKHLAS"
    },
    {
      "asset": "adc/lkhk_adc.jpg",
      "checksum": "8509b15da4175ed708e110b59529d88f9e1630d5acc4efa5605707834e9c4564",
      "length": 416487,
      "name": "ADC: LKHK"
    },
    {
      "asset": "adc/lkhh_adc.jpg",
      "checksum": "694ef1870f4e33690e7b27ee5803c3a0b651e4df98f5545007f780d2052586ae",
      "length": 344270,
      "name": "ADC: LKHH"
    },
    {
      "asset": "adc/lkhd_adc.jpg",
      "checksum": "b675a92a1fa75fc1d72e005de13f88ed2010695fc84d48b20d9101e2c7ecc9f9",
      "length": 74726,
      "name": "ADC: LKHD"
    },
    {
      "asset": "adc/lkhc_adc.jpg",
      "checksum": "a944936f7554917bd1aef161a99e8885dc7a55196cf5559667fedfda13a6424c",
      "length": 72325,
      "name": "ADC: LKHC"
    },
    {
      "asset": "adc/lkhb_adc.jpg",
      "checksum": "54dfb6a30578fe8c7004643f9aaa44ecfcabc2b774fa7059ec4fc891ed478147",
      "length": 110487,
      "name": "ADC: LKHB"
    },
    {
      "asset": "adc/lkha_adc.jpg",
      "checksum": "b644cdde014c8a89293dec6216dd71a1a17dab0052463c0903bcb2fbbda678f7",
      "length": 398845,
      "name": "ADC: LKHA"
    },
    {
      "asset": "adc/lkhath_adc.jpg",
      "checksum": "ee28816b5f6ea8f6b3ebd7a90c6fc843df5e6a4ca3f197ddca39b0540aea7048",
      "length": 59734,
      "name": "ADC: LKHATH"
    },
    {
      "asset": "adc/lkfr_adc.jpg",
      "checksum": "f8ab170f5eb1ba75cb282aaf54d9860e441c017eac9026324b2cbd3ee19a56ee",
      "length": 86176,
      "name": "ADC: LKFR"
    },
    {
      "asset": "adc/lkfm_adc.jpg",
      "checksum": "123cbca25c696fd4defa900a0168ed31fd6d53d4ea11f695d84c541352cfd9f2",
      "length": 488859,
      "name": "ADC: LKFM"
    },
    {
      "asset": "adc/lkexca_adc.jpg",
      "checksum": "adc0eb99d7526dade1a7c78502463feeab3ece5c7e14361f2854cd5b79a811c6",
      "length": 60162,
      "name": "ADC: LKEXCA"
    },
    {
      "asset": "adc/lker_adc.jpg",
      "checksum": "8e0a76f40403db7ea71b41113c901bb9310bf16c16a923b5434d65ec4b666e65",
      "length": 79387,
      "name": "ADC: LKER"
    },
    {
      "asset": "adc/lkdusn_adc.jpg",
      "checksum": "2fab2bba768e4eb09dac9664cbf44118561df9df931227b2f4be0b4448d5eaf6",
      "length": 83392,
      "name": "ADC: LKDUSN"
    },
    {
      "asset": "adc/lkdruz_adc.jpg",
      "checksum": "8ad10d63a4bec644d7c89788ff35a6ee0b930d4083eec76f8af6365054c3da9b",
      "length": 45742,
      "name": "ADC: LKDRUZ"
    },
    {
      "asset": "adc/lkdo_adc.jpg",
      "checksum": "8193b656525494ebd9f1d110328b953917728d068554ccb72c0774fa48f73a0d",
      "length": 406855,
      "name": "ADC: LKDO"
    },
    {
      "asset": "adc/lkdoud_adc.jpg",
      "checksum": "4785d1e5e3adf46caf038d4c16c09d2fb58e52e62e730dd0cd418136c50322a3",
      "length": 43426,
      "name": "ADC: LKDOUD"
    },
    {
      "asset": "adc/lkdk_adc.jpg",
      "checksum": "3e14e20f479a9dcbc4856e1bf182bafbbb0c242597c6335ca6a7759667c611e2",
      "length": 136283,
      "name": "ADC: LKDK"
    },
    {
      "asset": "adc/lkdetr_adc.jpg",
      "checksum": "f7fef5a355f78a5f6a1aa85b7f174fbb808297f3550104efe472f04d29a675fd",
      "length": 79998,
      "name": "ADC: LKDETR"
    },
    {
      "asset": "adc/lkdc_adc.jpg",
      "checksum": "f655559c20c6d2735fc2e841fb8cff161f6ed162f911ebb187dbd9ea7b2fcce0",
      "length": 477865,
      "name": "ADC: LKDC"
    },
    {
      "asset": "adc/lkcu_adc.jpg",
      "checksum": "9b1bc2b274b8ca288fa0e7e615bf3d1a78cbd364b934a8582bfbdf905cf0b696",
      "length": 441090,
      "name": "ADC: LKCU"
    },
    {
      "asset": "adc/lkct_adc.jpg",
      "checksum": "82519497f9852df4462a1761f509233fd6f52510aafac762dadc107a45680c7f",
      "length": 93996,
      "name": "ADC: LKCT"
    },
    {
      "asset": "adc/lkcs_adc.jpg",
      "checksum": "f545a004b1ea8d8811b02b77958552c94ce9e168abc1b6bea9e93900025c272f",
      "length": 329334,
      "name": "ADC: LKCS"
    },
    {
      "asset": "adc/lkcr_adc.jpg",
      "checksum": "8015242166856249a1575f385af8556294e6f7ccf3112f84c26a851fa5804c5b",
      "length": 70352,
      "name": "ADC: LKCR"
    },
    {
      "asset": "adc/lkcp_adc.jpg",
      "checksum": "05c35eb44db4761a068b4e2c6c805161063f970085d1b9407f2861c6c95c8515",
      "length": 241823,
      "name": "ADC: LKCP"
    },
    {
      "asset": "adc/lkco_adc.jpg",
      "checksum": "43963174028e019b39ca4bf7ee548fdc90294a3001cdd7d6089018cc8eef15bc",
      "length": 200795,
      "name": "ADC: LKCO"
    },
    {
      "asset": "adc/lkcm_adc.jpg",
      "checksum": "e670e13e0b96f75d27e020686f75b0779cb982903c91cfab01ec37c7637d95b4",
      "length": 76729,
      "name": "ADC: LKCM"
    },
    {
      "asset": "adc/lkch_adc.jpg",
      "checksum": "1d1b7fcb12f096287c3328394714a6396ef35d271d32982f8d35125a8f0545b0",
      "length": 86508,
      "name": "ADC: LKCH"
    },
    {
      "asset": "adc/lkchvo_adc.jpg",
      "checksum": "9081f7c01f9732be2a184a28ab19418224be74136f1bdac36f4dee2e9f681b57",
      "length": 39903,
      "name": "ADC: LKCHVO"
    },
    {
      "asset": "adc/lkchri_adc.jpg",
      "checksum": "791df6a5092ffecf899dbfe4642665028a08235e49b653596887efed8741e3a9",
      "length": 45421,
      "name": "ADC: LKCHRI"
    },
    {
      "asset": "adc/lkchra_adc.jpg",
      "checksum": "f37f9009b84b60ece5a7f9dea7f2cf65852af1299ec710b1353be9956508e77a",
      "length": 34133,
      "name": "ADC: LKCHRA"
    },
    {
      "asset": "adc/lkchov_adc.jpg",
      "checksum": "a1556662153e1d4f919c480db63454a8cbf9553bd2b81fe5e58274c87b7f39e8",
      "length": 41373,
      "name": "ADC: LKCHOV"
    },
    {
      "asset": "adc/lkchot_adc.jpg",
      "checksum": "f5c0a24410b1f7818c921c51695c16e98038b7485d05c84984bf9970258f60f0",
      "length": 59507,
      "name": "ADC: LKCHOT"
    },
    {
      "asset": "adc/lkchor_adc.jpg",
      "checksum": "68fffee63fe83d5f692b6f9abfb7cefc26599a1a5d2108cf8638240cbfca22aa",
      "length": 50092,
      "name": "ADC: LKCHOR"
    },
    {
      "asset": "adc/lkchoc_adc.jpg",
      "checksum": "ebb8e68b53353a49a3b99a9338690bf259d4714ecce511eba30277d27b6e484b",
      "length": 50424,
      "name": "ADC: LKCHOC"
    },
    {
      "asset": "adc/lkchar_adc.jpg",
      "checksum": "dfe1d61aa6ac96b68156b0a3096e583a08d010bbb03fc9544990d528afcca126",
      "length": 65979,
      "name": "ADC: LKCHAR"
    },
    {
      "asset": "adc/lkce_adc.jpg",
      "checksum": "58f7995b33f27551d4baa5b202fdc9d37e822c0b2a638b79a9ac5bc410da4a87",
      "length": 78654,
      "name": "ADC: LKCE"
    },
    {
      "asset": "adc/lkcebi_adc.jpg",
      "checksum": "0193222d656621c8fca945e23e65781efda3ec8038bfbc772bb1495e7b5ced0c",
      "length": 106127,
      "name": "ADC: LKCEBI"
    },
    {
      "asset": "adc/lkcd_adc.jpg",
      "checksum": "f12c2aef84ac7708c7d97fda9699e46a47be820db1913a80b63ebaf35b63751f",
      "length": 390621,
      "name": "ADC: LKCD"
    },
    {
      "asset": "adc/lkcdub_adc.jpg",
      "checksum": "f1ff6a86f58279d38f3aacf31e3c0bdfd6f0578162fb78eb9779e42b8f4c62be",
      "length": 71758,
      "name": "ADC: LKCDUB"
    },
    {
      "asset": "adc/lkcc_adc.jpg",
      "checksum": "3ef6c610c9421cfe4303e7b57ccce5e388fcc516d663e503840773c35c2ce4cb",
      "length": 395031,
      "name": "ADC: LKCC"
    },
    {
      "asset": "adc/lkcb_adc.jpg",
      "checksum": "17f20c222964d884886db49e9a21543bbe54449b413f3d7b98677188ed3fa822",
      "length": 93668,
      "name": "ADC: LKCB"
    },
    {
      "asset": "adc/lkca_adc.jpg",
      "checksum": "d28b91e561d349787413948f484a207ece78a83d83a9daffc00b18c21a4a36ce",
      "length": 257058,
      "name": "ADC: LKCA"
    },
    {
      "asset": "adc/lkcast_adc.jpg",
      "checksum": "d2965ebb6ae383a7f253061c88fa8616af4ba207fa4ec9345505bf49660da286",
      "length": 39623,
      "name": "ADC: LKCAST"
    },
    {
      "asset": "adc/lkbyst_adc.jpg",
      "checksum": "2dd499af4c42a2e9a55be323b974411ff928f3ca861c7593906d4169c2291571",
      "length": 65242,
      "name": "ADC: LKBYST"
    },
    {
      "asset": "adc/lkbyno_adc.jpg",
      "checksum": "f28fca8e10e8250974f37e52ea731ba54c93343007c7594c5cb0c1561e39940c",
      "length": 33374,
      "name": "ADC: LKBYNO"
    },
    {
      "asset": "adc/lkbv_adc.jpg",
      "checksum": "94cc19dc9ba296e4601732821da44bff38299ea4dda6852d0ecb9443f1aeb8a2",
      "length": 451580,
      "name": "ADC: LKBV"
    },
    {
      "asset": "adc/lkbu_adc.jpg",
      "checksum": "8304d80af0c5bc23bf862159b643b53126494493559232114c89651a80ddb08f",
      "length": 113644,
      "name": "ADC: LKBU"
    },
    {
      "asset": "adc/lkbudk_adc.jpg",
      "checksum": "097fab280a6a3f59b68f71ef630ba3424aebec488da634c10db9da88237f8a56",
      "length": 47433,
      "name": "ADC: LKBUDK"
    },
    {
      "asset": "adc/lkbs_adc.jpg",
      "checksum": "a5bfb3b9da661e2252996302589c77e2f73ad706e2e0f8ff4ead93bb605419c9",
      "length": 420389,
      "name": "ADC: LKBS"
    },
    {
      "asset": "adc/lkbr_adc.jpg",
      "checksum": "361e3919591982d5a8bfc0161de34f335053bb4afddb5fad6eae30025748ede9",
      "length": 93828,
      "name": "ADC: LKBR"
    },
    {
      "asset": "adc/lkbrto_adc.jpg",
      "checksum": "15bd10edcd4aca195d8f96dc16d9748e21cb71b93f2a7425b8b282b8cff8327d",
      "length": 56736,
      "name": "ADC: LKBRTO"
    },
    {
      "asset": "adc/lkbrez_adc.jpg",
      "checksum": "845e9b3c675f52cb0a793349612df4468297168872e06817e58a2f69c874a6c8",
      "length": 67023,
      "name": "ADC: LKBREZ"
    },
    {
      "asset": "adc/lkbp_adc.jpg",
      "checksum": "9fd6f201a7046759cedd8a0f023e59f4ddf8f19c2f587b2541599f2cf5f0b846",
      "length": 487345,
      "name": "ADC: LKBP"
    },
    {
      "asset": "adc/lkbo_adc.jpg",
      "checksum": "d67a8843ae07e5b3961edc277b88782a9ccd712c03221cf873fa3d36eb34f9df",
      "length": 58019,
      "name": "ADC: LKBO"
    },
    {
      "asset": "adc/lkbore_adc.jpg",
      "checksum": "4c9301a4cf9c0a518b6175f10784510283e4b02842b3887d0dcc60602ad299a6",
      "length": 56506,
      "name": "ADC: LKBORE"
    },
    {
      "asset": "adc/lkbole_adc.jpg",
      "checksum": "32c5f5dc87607a07e24ae661083fb6f767c72c81ec4003fa77b0ac735fe87085",
      "length": 61027,
      "name": "ADC: LKBOLE"
    },
    {
      "asset": "adc/lkbn_adc.jpg",
      "checksum": "75cad3c3603fe705f6165b149412fa8581b5d16d520b270e4461ff4816a32851",
      "length": 349639,
      "name": "ADC: LKBN"
    },
    {
      "asset": "adc/lkbl_adc.jpg",
      "checksum": "f5b96bc1c8babec53967a04c53dfb1369d22e4d85a7e29051dc1b340325e0fe2",
      "length": 438204,
      "name": "ADC: LKBL"
    },
    {
      "asset": "adc/lkbi_adc.jpg",
      "checksum": "01ddb76ca580938d0be43c8df7ca52c76dd5fa4987a7b7fda835bfb61d0528fc",
      "length": 404380,
      "name": "ADC: LKBI"
    },
    {
      "asset": "adc/lkbg_adc.jpg",
      "checksum": "94b899d82fcc19e388de78b26c0aa5e578c33835a33ce99bf246c20869107d3a",
      "length": 324303,
      "name": "ADC: LKBG"
    },
    {
      "asset": "adc/lkbe_adc.jpg",
      "checksum": "db6e37bd8f477aabadc2573c5dbc3fac9759a2eeaf67edc8aaf5c9d537aa8b95",
      "length": 87220,
      "name": "ADC: LKBE"
    },
    {
      "asset": "adc/lkbd_adc.jpg",
      "checksum": "ea637b124c8a57ec8c8dcfedc6dcf7cb6f006a3387506e1152bc47f23771c9a6",
      "length": 275489,
      "name": "ADC: LKBD"
    },
    {
      "asset": "adc/lkba_adc.jpg",
      "checksum": "ac54cf2d6448df6e48d88f5ab655fbbc38fab1049df2872833298c46256638c0",
      "length": 100930,
      "name": "ADC: LKBA"
    },
    {
      "asset": "vfr-data.zip",
      "checksum": "6c7fc7940e5d16e639a74e46f5bc6d9410c4d2f0dd30c1d7e4aeba0c19bae832",
      "length": 133878,
      "name": "VFR Data"
    }
  ],
  "version": "2024.05.09"
}