{
  "checksum": "53fe3d5b79f30597df38eebf804485e6c135a4d854f90633206ddbc6e3761481",
  "items": [
    {
      "asset": "voc/lkpk_voc.jpg",
      "checksum": "2af8152e7f4df6fff1fe38c7d62d4a4728a7f7281e8c88402daada3d4f238fab",
      "length": 1366543,
      "name": "VOC: LKPK",
      "package": null
    },
    {
      "asset": "voc/lkbrez_voc.jpg",
      "checksum": "a6ab6d7a8cb8525134ab2e781c5309f4d9a9088bcd489d03ef6cd04101d5b598",
      "length": 1103248,
      "name": "VOC: LKBREZ",
      "package": null
    },
    {
      "asset": "voc/lkko_voc.jpg",
      "checksum": "8a272b6561aca381274a38270accdafb1027cb6e84626586540d1701b95c9dbb",
      "length": 1240002,
      "name": "VOC: LKKO",
      "package": null
    },
    {
      "asset": "voc/lksu_voc.jpg",
      "checksum": "eafcafab0a6e381d99e5bb286326afc9be8d16a1e983ab651be3165e4be42ca5",
      "length": 883345,
      "name": "VOC: LKSU",
      "package": null
    },
    {
      "asset": "voc/lkcb_voc.jpg",
      "checksum": "a9485605e9d88eafd7ae19462b55e56a6e3907609a7c2655f448ad3fe2214984",
      "length": 1012938,
      "name": "VOC: LKCB",
      "package": null
    },
    {
      "asset": "voc/lkpr_voc.jpg",
      "checksum": "942a61a1ebe763e56efb8f418ea6b538a759667a2495181ab22025d507eac201",
      "length": 1484865,
      "name": "VOC: LKPR",
      "package": null
    },
    {
      "asset": "voc/lksv_voc.jpg",
      "checksum": "20f62ed698c8cf2ff40ebb1b28b9265461c809011522e96603674f5e98a9a0d6",
      "length": 1115181,
      "name": "VOC: LKSV",
      "package": null
    },
    {
      "asset": "voc/lkhr_voc.jpg",
      "checksum": "aca0218462b79efa913264a9aed7c71ccce69d45528761539df735b0f7eedc5b",
      "length": 1181934,
      "name": "VOC: LKHR",
      "package": null
    },
    {
      "asset": "voc/lkne_voc.jpg",
      "checksum": "9dc5e5267678cf1cf14cdfdedd447c14b6dc4fed90605cb3bbc44529f24c5f24",
      "length": 1055584,
      "name": "VOC: LKNE",
      "package": null
    },
    {
      "asset": "voc/lkku_voc.jpg",
      "checksum": "6e5c9073c703660fc0fcd1dfc8cd3efa0bfed91f0355bcdbf356a201cf9ff6cd",
      "length": 1291464,
      "name": "VOC: LKKU",
      "package": null
    },
    {
      "asset": "voc/lkliba_voc.jpg",
      "checksum": "605a0d9c4b3928d4d8b8cb7c8b834f5d04439e40116f59da102bc724090876e1",
      "length": 790103,
      "name": "VOC: LKLIBA",
      "package": null
    },
    {
      "asset": "voc/lksn_voc.jpg",
      "checksum": "d79279248ead83fd40c6e74334135c35fc33ef83534784e39de9d992e56a197e",
      "length": 1220054,
      "name": "VOC: LKSN",
      "package": null
    },
    {
      "asset": "voc/lkro_voc.jpg",
      "checksum": "ae2b3e94c92b6bc80553fdb9b4988746bc9af84a5d7a3b4b5fc11f5cb7cc073f",
      "length": 1137548,
      "name": "VOC: LKRO",
      "package": null
    },
    {
      "asset": "voc/lkopav_voc.jpg",
      "checksum": "b1154f77bdf88ae6f969a34bec9296b85714a56e7220969ace34c1615cb609b2",
      "length": 949025,
      "name": "VOC: LKOPAV",
      "package": null
    },
    {
      "asset": "voc/lkbp_voc.jpg",
      "checksum": "ad0d4017866b8dab7fe734e4f677a9aa06d570693fe64e446e16ada30e96492a",
      "length": 1200678,
      "name": "VOC: LKBP",
      "package": null
    },
    {
      "asset": "voc/lkmr_voc.jpg",
      "checksum": "8d65e1f4bcb757297477d5cafefb8ba471bc1cb658b28a8110a42a6ab36de56a",
      "length": 669125,
      "name": "VOC: LKMR",
      "package": null
    },
    {
      "asset": "voc/lkki_voc.jpg",
      "checksum": "905a06442e99d225e962fbb964afc18c276b58d1dbc8ff3418dd4018704ab78e",
      "length": 895581,
      "name": "VOC: LKKI",
      "package": null
    },
    {
      "asset": "voc/lknc_voc.jpg",
      "checksum": "1d87e0f2982f8c8480e02e1433be7aed02b16643694ad8c24aa49d4b91e4e2b5",
      "length": 1072860,
      "name": "VOC: LKNC",
      "package": null
    },
    {
      "asset": "voc/lkzn_voc.jpg",
      "checksum": "4c0987dcb12d576853705e967cf74e7fd1d96e20d3164d8f8f9a5ffb8a8695fb",
      "length": 883988,
      "name": "VOC: LKZN",
      "package": null
    },
    {
      "asset": "voc/lkfr_voc.jpg",
      "checksum": "a9f268ab8e0cf3e918d89adb4688bafcce747f20d0610142a05a8369884e0c1a",
      "length": 1090392,
      "name": "VOC: LKFR",
      "package": null
    },
    {
      "asset": "voc/lkln_voc.jpg",
      "checksum": "b2c6c5e2fac5ca0a6a627a208bcfb647fb8140106eaec848c0601918b2443987",
      "length": 1242381,
      "name": "VOC: LKLN",
      "package": null
    },
    {
      "asset": "voc/lktrut_voc.jpg",
      "checksum": "ff71961545628d02184ae634ea0ded9a852e8df8d136626bbf76c2303e9354df",
      "length": 901251,
      "name": "VOC: LKTRUT",
      "package": null
    },
    {
      "asset": "voc/lkvo_voc.jpg",
      "checksum": "62eb07f33ab8876187cfc67ebfee5629476392ed32bab1b485e5e9186bf4684a",
      "length": 2566912,
      "name": "VOC: LKVO",
      "package": null
    },
    {
      "asset": "voc/lkcp_voc.jpg",
      "checksum": "d019f14aefe4ccd8a851fea73beb94797e0557588f53bef7409a8e6cec62af23",
      "length": 1087964,
      "name": "VOC: LKCP",
      "package": null
    },
    {
      "asset": "voc/lklt_voc.jpg",
      "checksum": "bbe55f680d4a050086b9102638cbe33d444e566d7988d83a69ec1d2ea6b30687",
      "length": 1262638,
      "name": "VOC: LKLT",
      "package": null
    },
    {
      "asset": "voc/lkhrad_voc.jpg",
      "checksum": "47c7f09a39d5419a0ff4bae8fd57effac0a5e95da7a663f43333ef9d94f2792d",
      "length": 801523,
      "name": "VOC: LKHRAD",
      "package": null
    },
    {
      "asset": "voc/lkpe_voc.jpg",
      "checksum": "d1b7669430a8caa6f3d3965c3c248472ce87c7d1e8383d77ef6deff600cedb8c",
      "length": 1069579,
      "name": "VOC: LKPE",
      "package": null
    },
    {
      "asset": "voc/lkkejz_voc.jpg",
      "checksum": "d1d2905a38ba0564ff68c610b90529a24e5c3da09c723a8c0103ff65dc8cf14a",
      "length": 1001636,
      "name": "VOC: LKKEJZ",
      "package": null
    },
    {
      "asset": "voc/lkka_voc.jpg",
      "checksum": "c978e8534671ed20305fd2680e46598957651dabc1a25cfce13df181e06972d5",
      "length": 1137301,
      "name": "VOC: LKKA",
      "package": null
    },
    {
      "asset": "voc/lkjl_voc.jpg",
      "checksum": "aef0815aba24a15c5f6812d24d142d3547a824db8f3a3c90261cb3526e15e46a",
      "length": 1117994,
      "name": "VOC: LKJL",
      "package": null
    },
    {
      "asset": "voc/lkchov_voc.jpg",
      "checksum": "08f58b9e3befc6d0e197516dc651b0baef196b9a9d1dac0949ed43bfe29354b7",
      "length": 733440,
      "name": "VOC: LKCHOV",
      "package": null
    },
    {
      "asset": "voc/lkbr_voc.jpg",
      "checksum": "51cb390bf3565c2089b64446d81a7116106f83ee4e08307e71fbeff69ad9396c",
      "length": 895395,
      "name": "VOC: LKBR",
      "package": null
    },
    {
      "asset": "voc/lkpt_voc.jpg",
      "checksum": "7e286b8b22ca9e4581bf711fe5cd8c8a4ed55f1422ffda30dc7c826fc5aaefc0",
      "length": 1376011,
      "name": "VOC: LKPT",
      "package": null
    },
    {
      "asset": "voc/lkhd_voc.jpg",
      "checksum": "9f56e2cdb175b7679db5baddaf3b1a12dfc95e7d8955949516c303dbaa1f9c46",
      "length": 1044229,
      "name": "VOC: LKHD",
      "package": null
    },
    {
      "asset": "voc/lksb_voc.jpg",
      "checksum": "d22bd0b0a30161a2c3c76fe27bc80269db7da9885d773e43777970a4a388b7a9",
      "length": 1058117,
      "name": "VOC: LKSB",
      "package": null
    },
    {
      "asset": "voc/lkhh_voc.jpg",
      "checksum": "450851ad4ea726d00bd2d54b98da4aec5927d0362025ff887764e7fce3ee56ec",
      "length": 1185063,
      "name": "VOC: LKHH",
      "package": null
    },
    {
      "asset": "voc/lkdetr_voc.jpg",
      "checksum": "d934e6d8d687befeb1b6ae4c279b0fe8a48e3fa3990be10fc649071f785beadc",
      "length": 771719,
      "name": "VOC: LKDETR",
      "package": null
    },
    {
      "asset": "voc/lkml_voc.jpg",
      "checksum": "dcb8263a46edb0ba66412844e06df0931513463c46c77b0c9126fac143114d70",
      "length": 2431804,
      "name": "VOC: LKML",
      "package": null
    },
    {
      "asset": "voc/lkchra_voc.jpg",
      "checksum": "230d34debb1cb01dee9417a7f3e6a29ea724be3ea409d9f61e0bbbe4d42f7d66",
      "length": 1062313,
      "name": "VOC: LKCHRA",
      "package": null
    },
    {
      "asset": "voc/lkcd_voc.jpg",
      "checksum": "f2459c1f44a91b9bc3d4d4295a33a1fb074890cb5e189fd5fbef909891205757",
      "length": 1225919,
      "name": "VOC: LKCD",
      "package": null
    },
    {
      "asset": "voc/lkra_voc.jpg",
      "checksum": "115f9e3bed9e33d4a99612bd593a8e875fc0b13eda75d27bf798f58266e1b74a",
      "length": 1061974,
      "name": "VOC: LKRA",
      "package": null
    },
    {
      "asset": "voc/lktc_voc.jpg",
      "checksum": "2640c005b7f6bff55eb3f2859e29955efbe98795f634f00c72f8d3b5de7ab428",
      "length": 1328244,
      "name": "VOC: LKTC",
      "package": null
    },
    {
      "asset": "voc/lkto_voc.jpg",
      "checksum": "572259f2fdcba994146c3271440b47f2a23fc05328561d1561061332c4fc11f1",
      "length": 1165511,
      "name": "VOC: LKTO",
      "package": null
    },
    {
      "asset": "voc/lkbudk_voc.jpg",
      "checksum": "04f1acfdc09e26bd738afaa6f2764a7aedabfd05396c3bd4e6c111b0156b5dba",
      "length": 1017022,
      "name": "VOC: LKBUDK",
      "package": null
    },
    {
      "asset": "voc/lkpz_voc.jpg",
      "checksum": "a6b1a9f21574ab4750703b09ceeaa4d5b144dc70f1b3e4002a3d25070554e8df",
      "length": 1087616,
      "name": "VOC: LKPZ",
      "package": null
    },
    {
      "asset": "voc/lkta_voc.jpg",
      "checksum": "17625391ab9b8ac66dc3402fc7520009a93093d01b57ce7e4518081e9556a212",
      "length": 1009187,
      "name": "VOC: LKTA",
      "package": null
    },
    {
      "asset": "voc/lkmt_voc.jpg",
      "checksum": "9ede5af40644fa3d5e45741cd861761c3aaced2d3e48c3fdf40c76f0bd8601d7",
      "length": 1466537,
      "name": "VOC: LKMT",
      "package": null
    },
    {
      "asset": "voc/lkzd_voc.jpg",
      "checksum": "1c77f661039da1d901dbe2c904241a5437453153bd59982366a394a20e1a94b6",
      "length": 933009,
      "name": "VOC: LKZD",
      "package": null
    },
    {
      "asset": "voc/lkub_voc.jpg",
      "checksum": "0d445135c7c334cae4825cf49eb26be66fcffaf48634dcbd3933c6d9fae8d30e",
      "length": 1140189,
      "name": "VOC: LKUB",
      "package": null
    },
    {
      "asset": "voc/lkth_voc.jpg",
      "checksum": "818b53b5d9d10560ec341ecc0e5510efc9cee0d11e2f287dafb64e934f9fb09f",
      "length": 1027327,
      "name": "VOC: LKTH",
      "package": null
    },
    {
      "asset": "voc/lkco_voc.jpg",
      "checksum": "5ebfab6e0168b217fc5bba1a7c364bb3eb63217daf748e767b50cbe64a294e18",
      "length": 2775259,
      "name": "VOC: LKCO",
      "package": null
    },
    {
      "asset": "voc/lkcr_voc.jpg",
      "checksum": "d695ae4c9d551df33eb752a036360ef2a8e596491a9ae1a91fb38c8d7a7af3b4",
      "length": 1250803,
      "name": "VOC: LKCR",
      "package": null
    },
    {
      "asset": "voc/lksl_voc.jpg",
      "checksum": "6b5f6bf00fd25cf023b06fc307f8bee2b7d6af79d4d3cf3fec6471e5159ad2fd",
      "length": 1106492,
      "name": "VOC: LKSL",
      "package": null
    },
    {
      "asset": "voc/lkmh_voc.jpg",
      "checksum": "93e9c7e26640ab451bab4419717a82645219fcffd1909d01e90f2f9c53bb2bc5",
      "length": 1337813,
      "name": "VOC: LKMH",
      "package": null
    },
    {
      "asset": "voc/lkmira_voc.jpg",
      "checksum": "28bd6f956a8212d73f4c91a53fab39e6b1023e0647cf4dc03167b72fc16a4d00",
      "length": 873202,
      "name": "VOC: LKMIRA",
      "package": null
    },
    {
      "asset": "voc/lker_voc.jpg",
      "checksum": "3c0a3e168c8ebe3369803a1eb99d0d6ea6dcd8b3450618944ef77c2106ce5042",
      "length": 826359,
      "name": "VOC: LKER",
      "package": null
    },
    {
      "asset": "voc/lkca_voc.jpg",
      "checksum": "3e051e04b512c6d8d5e5fc906a7583adf73404345c3fcec97b02f753574ebf1f",
      "length": 2341195,
      "name": "VOC: LKCA",
      "package": null
    },
    {
      "asset": "voc/lkhb_voc.jpg",
      "checksum": "732450b48442cdb11793787581b194fc762a24f722c06244f642e66bc42ba27f",
      "length": 1142638,
      "name": "VOC: LKHB",
      "package": null
    },
    {
      "asset": "voc/lkleto_voc.jpg",
      "checksum": "ac1be53d8d553de61008b823f2d99a15d4712d8f23d0917c24985954d12f1d74",
      "length": 959058,
      "name": "VOC: LKLETO",
      "package": null
    },
    {
      "asset": "voc/lkprim_voc.jpg",
      "checksum": "f663284639d472388780990d56898ce7e55019bdad438ce5aa7d2c10754ebefd",
      "length": 992367,
      "name": "VOC: LKPRIM",
      "package": null
    },
    {
      "asset": "voc/lkbyst_voc.jpg",
      "checksum": "5edf58578748cb0997e7d37da84c783adee5d045981683b741d8b3e7649c2db3",
      "length": 969092,
      "name": "VOC: LKBYST",
      "package": null
    },
    {
      "asset": "voc/lkjc_voc.jpg",
      "checksum": "7146319ce716eb14c395f842a9a3059fbad365b16f01c274d5116e4a997a2425",
      "length": 991673,
      "name": "VOC: LKJC",
      "package": null
    },
    {
      "asset": "voc/lkrz_voc.jpg",
      "checksum": "9adf6106f24f16ba0a87eca393529d786ac848b559b9c798ad350777d8134738",
      "length": 965707,
      "name": "VOC: LKRZ",
      "package": null
    },
    {
      "asset": "voc/lkmist_voc.jpg",
      "checksum": "b7b52e8e9cb67dd3160e7279652d61e08d2b6d4394f29623da53da3ca95322cc",
      "length": 1152192,
      "name": "VOC: LKMIST",
      "package": null
    },
    {
      "asset": "voc/lkmi_voc.jpg",
      "checksum": "c30234e9de30d766ef765dac71a00cf7f766fd151f26796f3b0faed7ed02d987",
      "length": 722125,
      "name": "VOC: LKMI",
      "package": null
    },
    {
      "asset": "voc/lkch_voc.jpg",
      "checksum": "b802ef77a75499afe9b87ef4429cb85b08063f1c517689abfda4eb0e78a24674",
      "length": 982055,
      "name": "VOC: LKCH",
      "package": null
    },
    {
      "asset": "voc/lklouc_voc.jpg",
      "checksum": "422328eafc2d1d57864f114aa3a4f0fa3632f72a5fb3adb9d4bdd520ae14a978",
      "length": 945638,
      "name": "VOC: LKLOUC",
      "package": null
    },
    {
      "asset": "voc/lkjh_voc.jpg",
      "checksum": "af427d4bffed5b9224127c461b7e1a09a7664e0813486396da9fbbaa5d07f57a",
      "length": 972136,
      "name": "VOC: LKJH",
      "package": null
    },
    {
      "asset": "voc/lkhv_voc.jpg",
      "checksum": "bd315aeae8f8b61b0c382b0a160ea01d7943b3ba9e25f558f1d3148cd529ff74",
      "length": 1099544,
      "name": "VOC: LKHV",
      "package": null
    },
    {
      "asset": "voc/lkbv_voc.jpg",
      "checksum": "9d50c62320ca0edb358dd6ad19ea7063b082b4e1301fcbc08ef795e15263066b",
      "length": 1192310,
      "name": "VOC: LKBV",
      "package": null
    },
    {
      "asset": "voc/lkbo_voc.jpg",
      "checksum": "3bf6bef043b6e87288a1df1d0b49ba71dca7c6ccebc1d7f6e6556345bc94b96b",
      "length": 1055360,
      "name": "VOC: LKBO",
      "package": null
    },
    {
      "asset": "voc/lkkz_voc.jpg",
      "checksum": "cad0a8fa4a5b9031a1dc077e5a97ce621081ab1ffd58775ae01f67bb8be4f093",
      "length": 1212499,
      "name": "VOC: LKKZ",
      "package": null
    },
    {
      "asset": "voc/lkkozy_voc.jpg",
      "checksum": "3f538d87e70a5e2ad944f2e95b4051212510e3a6120f79daffc718af1f4a7325",
      "length": 1040487,
      "name": "VOC: LKKOZY",
      "package": null
    },
    {
      "asset": "voc/lkcdub_voc.jpg",
      "checksum": "947e3b30cc1a76b62e825cc0959d84fa544b98abae638ca6bece38a2fe01e4c8",
      "length": 957238,
      "name": "VOC: LKCDUB",
      "package": null
    },
    {
      "asset": "voc/lkkl_voc.jpg",
      "checksum": "e790dd560ed118e3dc3da82e9fd3d167768e3a679b2f1959a7e2a24473fa2ec9",
      "length": 2762718,
      "name": "VOC: LKKL",
      "package": null
    },
    {
      "asset": "voc/lkhn_voc.jpg",
      "checksum": "c72308f0d8476a11457717a29b6da3b85ecc57393cce9679b8632aa17262b1ea",
      "length": 668459,
      "name": "VOC: LKHN",
      "package": null
    },
    {
      "asset": "voc/lkluha_voc.jpg",
      "checksum": "d372852be6969aef8c66a281118b4b1275249a319ffcf65228c070a2b8294910",
      "length": 825222,
      "name": "VOC: LKLUHA",
      "package": null
    },
    {
      "asset": "voc/lkkv_voc.jpg",
      "checksum": "92eac1b27423f27f6b9713f5370f87089d9a97c45fa72cc616cd877cbd7ab46f",
      "length": 1425109,
      "name": "VOC: LKKV",
      "package": null
    },
    {
      "asset": "voc/lksa_voc.jpg",
      "checksum": "5890114455c96557344c9bf4b70a3351bcb559b6283227581f5adeffd6f3f2c2",
      "length": 873690,
      "name": "VOC: LKSA",
      "package": null
    },
    {
      "asset": "voc/lkvy_voc.jpg",
      "checksum": "adad052c97e218fccdc39bd5a5c1c48ae62a2874cc3b94261852d755159e7f60",
      "length": 1042282,
      "name": "VOC: LKVY",
      "package": null
    },
    {
      "asset": "voc/lkvrat_voc.jpg",
      "checksum": "887e85d244ca83d84c2f86afdaca08ba04b2cce58726bffe2703a99dfb54ffeb",
      "length": 1083313,
      "name": "VOC: LKVRAT",
      "package": null
    },
    {
      "asset": "voc/lkostr_voc.jpg",
      "checksum": "8462c3e97042db7a8dc4b090ae17766d9aae85d5821ed19f71bde8d6669e769c",
      "length": 1109547,
      "name": "VOC: LKOSTR",
      "package": null
    },
    {
      "asset": "voc/lknuci_voc.jpg",
      "checksum": "9a8b723f96d9e6aea6d392526f8d67458c8378c6a4bcb350d2116259beb937a2",
      "length": 1128508,
      "name": "VOC: LKNUCI",
      "package": null
    },
    {
      "asset": "voc/lkmb_voc.jpg",
      "checksum": "9f07fb15352edc9c514b8dc32a9a4b60d28dc7823a6082d6a7a7906cd6e15afd",
      "length": 1009921,
      "name": "VOC: LKMB",
      "package": null
    },
    {
      "asset": "voc/lkus_voc.jpg",
      "checksum": "a9f620270b369b6395189413a916f1982ff6fe281bf5342e26587e4628e9adf2",
      "length": 1135363,
      "name": "VOC: LKUS",
      "package": null
    },
    {
      "asset": "voc/lkbn_voc.jpg",
      "checksum": "658101a38ed44b7c8d4a193eac84590fd52d7475f3c493d20b7eb2c5316b1c9c",
      "length": 1184314,
      "name": "VOC: LKBN",
      "package": null
    },
    {
      "asset": "voc/lkchvo_voc.jpg",
      "checksum": "4e9cfe88fe60a7113d8e41e48457c71c87c827010c614b30ec74633d43940bf9",
      "length": 1010654,
      "name": "VOC: LKCHVO",
      "package": null
    },
    {
      "asset": "voc/lknr_voc.jpg",
      "checksum": "29e10b3e9369c90c02d71a8ef688a8642cf0ad487a2c3261a281a6c25200548e",
      "length": 1294332,
      "name": "VOC: LKNR",
      "package": null
    },
    {
      "asset": "voc/lkcs_voc.jpg",
      "checksum": "c80811ba93ce6001e1bc5eaf4a5165f01cfe2f52ed59e483dc6ccf3510e24468",
      "length": 1350706,
      "name": "VOC: LKCS",
      "package": null
    },
    {
      "asset": "voc/lkkn_voc.jpg",
      "checksum": "bed521ac0fd9cf46b541cf41eaff5607b1a900ee1d7a24add29b8aebca5c9028",
      "length": 1204281,
      "name": "VOC: LKKN",
      "package": null
    },
    {
      "asset": "voc/lkdoud_voc.jpg",
      "checksum": "285d8735e438055c53d46e21f9446193a54d1a6cdbdbad14813284ff9f7ce2f0",
      "length": 945038,
      "name": "VOC: LKDOUD",
      "package": null
    },
    {
      "asset": "voc/lkbu_voc.jpg",
      "checksum": "5980493d21c11b3bb615b8f9835701142bdfba6f4ed9604da6612736311c675f",
      "length": 1268060,
      "name": "VOC: LKBU",
      "package": null
    },
    {
      "asset": "voc/lkkm_voc.jpg",
      "checksum": "2d5246d312429d23c0439254846726f34d19baa56d274fbb2c99ac7371b947ed",
      "length": 1069653,
      "name": "VOC: LKKM",
      "package": null
    },
    {
      "asset": "voc/lkpisk_voc.jpg",
      "checksum": "93eeb0e6c92ce1489b47dd774b6e7f052c2efd6f0b5dac795908f3bb3a9708c6",
      "length": 792266,
      "name": "VOC: LKPISK",
      "package": null
    },
    {
      "asset": "voc/lkke_voc.jpg",
      "checksum": "3d6800fff9d381e65af757ceaa9f501d20b44719415aca27d6190ca1c1e2761b",
      "length": 998863,
      "name": "VOC: LKKE",
      "package": null
    },
    {
      "asset": "voc/lkvl_voc.jpg",
      "checksum": "eb21b9180d5838136607a81bb7a658c6ba9eb14f253d26ba3ed46e59422f22b2",
      "length": 1169704,
      "name": "VOC: LKVL",
      "package": null
    },
    {
      "asset": "voc/lkexca_voc.jpg",
      "checksum": "49d302d3850e62ee806bb3d7d4005906f0af3cc5ff1a7a82faa209e420a4ba49",
      "length": 694693,
      "name": "VOC: LKEXCA",
      "package": null
    },
    {
      "asset": "voc/lkstip_voc.jpg",
      "checksum": "c86f14a86ca59865c74274a632bca9bc636a19e724a25ff16e60874c72a74a90",
      "length": 1001077,
      "name": "VOC: LKSTIP",
      "package": null
    },
    {
      "asset": "voc/lkov_voc.jpg",
      "checksum": "913d7afb53f17d9a25888469fff7823893cd4769617cc8de9f7a924ec7c1e9ba",
      "length": 986377,
      "name": "VOC: LKOV",
      "package": null
    },
    {
      "asset": "voc/lkba_voc.jpg",
      "checksum": "f8bc97137ddfc63c1fce8729fbc541252f96b8185b3248b210c1b1145448c663",
      "length": 915632,
      "name": "VOC: LKBA",
      "package": null
    },
    {
      "asset": "voc/lkpa_voc.jpg",
      "checksum": "1f1f04adc3d08d727499ee3f8b7578e481b37ffa7f447ce621b9271d2a1561c1",
      "length": 988931,
      "name": "VOC: LKPA",
      "package": null
    },
    {
      "asset": "voc/lkul_voc.jpg",
      "checksum": "412aee2872872679ea3dda72c6d98ee90a0d578f0e4c1d7d6fe5ca3d5be8eeef",
      "length": 973488,
      "name": "VOC: LKUL",
      "package": null
    },
    {
      "asset": "voc/lkme_voc.jpg",
      "checksum": "4f42974f70b6c1b5aa467ec3a5929953cdd07488d1e90ddd7b51e914b6113b6d",
      "length": 1217898,
      "name": "VOC: LKME",
      "package": null
    },
    {
      "asset": "voc/lkhath_voc.jpg",
      "checksum": "891b357447c49a6262f87a8626727199915d7d3601686ce8a2cc35caa69b04bc",
      "length": 986651,
      "name": "VOC: LKHATH",
      "package": null
    },
    {
      "asset": "voc/lkbe_voc.jpg",
      "checksum": "634ea216742775929394f89041146b4aed36f02426ebbac5509951704f5143ec",
      "length": 1107555,
      "name": "VOC: LKBE",
      "package": null
    },
    {
      "asset": "voc/lktepl_voc.jpg",
      "checksum": "ef001d073421f9aec02b0c28504adb06402b87ef7733eccff4db8921cb8c8a7d",
      "length": 871688,
      "name": "VOC: LKTEPL",
      "package": null
    },
    {
      "asset": "voc/lkmlad_voc.jpg",
      "checksum": "40940245440de65d415cf00d0a68093150ecd37d3850b60dc1f17d7e539859a1",
      "length": 1064662,
      "name": "VOC: LKMLAD",
      "package": null
    },
    {
      "asset": "voc/lkcebi_voc.jpg",
      "checksum": "a9f0a2ae3e1d29b525922fdfdfbdccbc9ba7053849118a4c7ad5b91c423a4a25",
      "length": 1160920,
      "name": "VOC: LKCEBI",
      "package": null
    },
    {
      "asset": "voc/lkhk_voc.jpg",
      "checksum": "b327cfe9a407f3d752c2f4ea48ad60e46e2452971e5a3deb54de65f2ab1d772c",
      "length": 1397085,
      "name": "VOC: LKHK",
      "package": null
    },
    {
      "asset": "voc/lklomn_voc.jpg",
      "checksum": "38303712aa5c6473d152ad0b2d954250770bb22d2da134f8be3e0a7652a3cbe6",
      "length": 857962,
      "name": "VOC: LKLOMN",
      "package": null
    },
    {
      "asset": "voc/lktere_voc.jpg",
      "checksum": "8432a8b93c97f75a7bc1583002a3db63ad91586fc271e068d7fc46a2b02edffa",
      "length": 1040962,
      "name": "VOC: LKTERE",
      "package": null
    },
    {
      "asset": "voc/lkdc_voc.jpg",
      "checksum": "8d442da1c61328090a25caadee6ee2dfa8cf3b82ed84ef21f929df6d2d12af66",
      "length": 1131136,
      "name": "VOC: LKDC",
      "package": null
    },
    {
      "asset": "voc/lkkost_voc.jpg",
      "checksum": "9b263e5d25d36b02e3e76c46df356d69d8de5d7cf84bba6871d887de3b55e6f8",
      "length": 1033768,
      "name": "VOC: LKKOST",
      "package": null
    },
    {
      "asset": "voc/lkbs_voc.jpg",
      "checksum": "23b9986d20c3d0023d602fc39abd7670b61f79fd90d60676017fef2de5ebe7cc",
      "length": 1140985,
      "name": "VOC: LKBS",
      "package": null
    },
    {
      "asset": "voc/lkol_voc.jpg",
      "checksum": "de92289024da07ab4cb4ca399beef60c44cdd362ea82fee293cfb0a493f13773",
      "length": 1086900,
      "name": "VOC: LKOL",
      "package": null
    },
    {
      "asset": "voc/lkkt_voc.jpg",
      "checksum": "0bb8cb0e5413d1c51ea87b1650c5ac50e65431805d746cec135dbe6eca0297e3",
      "length": 914940,
      "name": "VOC: LKKT",
      "package": null
    },
    {
      "asset": "voc/lkbyno_voc.jpg",
      "checksum": "a84aa0491773fcdcd180310538c2f371e7bfff3e9626472a88eb092a271d5b72",
      "length": 896007,
      "name": "VOC: LKBYNO",
      "package": null
    },
    {
      "asset": "voc/lkrams_voc.jpg",
      "checksum": "79fbcac09bd78ead7e4eab4674e0301e953f6a490c01a572e2a522b439633d59",
      "length": 809784,
      "name": "VOC: LKRAMS",
      "package": null
    },
    {
      "asset": "voc/lkchri_voc.jpg",
      "checksum": "18b049ea3a7644c171236b027ba5be922c62a264997937d111a2fc2267780143",
      "length": 884266,
      "name": "VOC: LKCHRI",
      "package": null
    },
    {
      "asset": "voc/lksk_voc.jpg",
      "checksum": "13a3e4cc92d00acb2da4a273ca92e20cc9ad72ebd8fba8dd7e75a1c8ac08de7c",
      "length": 1132175,
      "name": "VOC: LKSK",
      "package": null
    },
    {
      "asset": "voc/lkuh_voc.jpg",
      "checksum": "a9bd8779d3a5097bf58a53966594b0c5b1b3ae5f77c5a74c53b15778696de767",
      "length": 1138472,
      "name": "VOC: LKUH",
      "package": null
    },
    {
      "asset": "voc/lkha_voc.jpg",
      "checksum": "c26cbb5794f2d4ed40a370d5fc364afe1ec50bc06f85cb801bdd654f15714b60",
      "length": 1193492,
      "name": "VOC: LKHA",
      "package": null
    },
    {
      "asset": "voc/lkkotv_voc.jpg",
      "checksum": "fb79461e2dcab63301b4c78024d373ac90cf3fd81ecc2649cad82369d2d64035",
      "length": 871126,
      "name": "VOC: LKKOTV",
      "package": null
    },
    {
      "asset": "voc/lkdusn_voc.jpg",
      "checksum": "b479cfb6fe6c31fe1c7e4020d56c2acc1a66c33a587f3404b87265cc0da7182b",
      "length": 1014131,
      "name": "VOC: LKDUSN",
      "package": null
    },
    {
      "asset": "voc/lkchot_voc.jpg",
      "checksum": "f1dad1cf9676c75869dabe883bd288131ca6e36df4cfaeccb9c4a14b198a06f1",
      "length": 881267,
      "name": "VOC: LKCHOT",
      "package": null
    },
    {
      "asset": "voc/lkvr_voc.jpg",
      "checksum": "d2b273e0b189b3b0af49a63da860bf2a73488ed1e9e1316611f202cafba010f0",
      "length": 1036665,
      "name": "VOC: LKVR",
      "package": null
    },
    {
      "asset": "voc/lkcast_voc.jpg",
      "checksum": "e265662ab60e71187d05525361086f42136fde0e6999623104e65d480c4469a6",
      "length": 857629,
      "name": "VOC: LKCAST",
      "package": null
    },
    {
      "asset": "voc/lktrbh_voc.jpg",
      "checksum": "89be2bff74efd76679474cbe72c441af03e63544b6a253d4cbe4a0017d503caa",
      "length": 884011,
      "name": "VOC: LKTRBH",
      "package": null
    },
    {
      "asset": "voc/lkjr_voc.jpg",
      "checksum": "dd2abc47b531db5ccce572d324f17a0876ea4e7982a8f109775d5ffc55f00ea8",
      "length": 2165615,
      "name": "VOC: LKJR",
      "package": null
    },
    {
      "asset": "voc/lklk_voc.jpg",
      "checksum": "6d14e46fab13c4040995454102b1c7b80ec35c1d604cb9644f77b477bf7cc45e",
      "length": 1341926,
      "name": "VOC: LKLK",
      "package": null
    },
    {
      "asset": "voc/lkzl_voc.jpg",
      "checksum": "0d26edb1aa576fd3f6d5046784b90d2642770fe4a7c3abacda6c0af107cbeaa0",
      "length": 1107404,
      "name": "VOC: LKZL",
      "package": null
    },
    {
      "asset": "voc/lkcu_voc.jpg",
      "checksum": "c2be01348ff3005432d1a9704d4513a6d276aa40d4a43f43baceb530d2288eb6",
      "length": 1092902,
      "name": "VOC: LKCU",
      "package": null
    },
    {
      "asset": "voc/lkpv_voc.jpg",
      "checksum": "0ebf9e7b37a0c512b7b980ac2dcf8cab9025ddf2261b68e54d5d78371c91c15f",
      "length": 1086910,
      "name": "VOC: LKPV",
      "package": null
    },
    {
      "asset": "voc/lkkune_voc.jpg",
      "checksum": "2bcc9934eba089533cd3ab2d508035f9922649491fd2ea68de51ed9e90bcf668",
      "length": 1070742,
      "name": "VOC: LKKUNE",
      "package": null
    },
    {
      "asset": "voc/lkpd_voc.jpg",
      "checksum": "678d36d205ed02ba14324e19c9ed443001565726a25c6f8a3c0a1bc7fee7223c",
      "length": 1536414,
      "name": "VOC: LKPD",
      "package": null
    },
    {
      "asset": "voc/lkpg_voc.jpg",
      "checksum": "f4865cc33b249485066d7a382108047d559e3ff9f1931e967b4232dc2827c681",
      "length": 2356959,
      "name": "VOC: LKPG",
      "package": null
    },
    {
      "asset": "voc/lkjiri_voc.jpg",
      "checksum": "1bf5ed421e2453a71275627ef1ed41206fdec82e314be3e3bca269f29b5d79d8",
      "length": 865549,
      "name": "VOC: LKJIRI",
      "package": null
    },
    {
      "asset": "voc/lkoz_voc.jpg",
      "checksum": "290b9586b536fd343487b93ecff37e15ff1416c47e376e4dd1edcec06ca5d100",
      "length": 1210415,
      "name": "VOC: LKOZ",
      "package": null
    },
    {
      "asset": "voc/lkps_voc.jpg",
      "checksum": "0ce19e408c49f0c0543f6bc59ad96f39e79163fa7dc98162ba5ceba33de74fb7",
      "length": 887730,
      "name": "VOC: LKPS",
      "package": null
    },
    {
      "asset": "voc/lknapa_voc.jpg",
      "checksum": "2bdac2fb8f143dbc5d0ca7aaaf6ea231438b38a2b880a5967da259f03fe0a632",
      "length": 813376,
      "name": "VOC: LKNAPA",
      "package": null
    },
    {
      "asset": "voc/lkkrpy_voc.jpg",
      "checksum": "eae2b7e27b8d552760e15e606596f0ab824c0a818694469a43593fa3c2340cfc",
      "length": 952494,
      "name": "VOC: LKKRPY",
      "package": null
    },
    {
      "asset": "voc/lkdk_voc.jpg",
      "checksum": "afbedd2b47dbab9fa722a42c8bddcfdd717db092a57698637334aefae30c2f69",
      "length": 986245,
      "name": "VOC: LKDK",
      "package": null
    },
    {
      "asset": "voc/lkpf_voc.jpg",
      "checksum": "214022d95b4bfe887e51a069a49e8241971f350326f9906b56648f8102bcf7ff",
      "length": 2363054,
      "name": "VOC: LKPF",
      "package": null
    },
    {
      "asset": "voc/lkot_voc.jpg",
      "checksum": "e59316683bb82276ab39ab2b57a59187f0a9df39bc00eb08ef5515d291170c4e",
      "length": 1151143,
      "name": "VOC: LKOT",
      "package": null
    },
    {
      "asset": "voc/lkhl_voc.jpg",
      "checksum": "4e33b763f78a71ccd618981c7c4a614503db2e35969e64a054668d2bbbd8b95d",
      "length": 1187409,
      "name": "VOC: LKHL",
      "package": null
    },
    {
      "asset": "voc/lkpo_voc.jpg",
      "checksum": "d379e0e962ece1394c49f3f6f719cba7e0a2770f255d293063810666b1cee388",
      "length": 1469149,
      "name": "VOC: LKPO",
      "package": null
    },
    {
      "asset": "voc/lknymb_voc.jpg",
      "checksum": "b8780714361ac1f00d569404372ff77f4b5877e840a0f8d992b0f86c14d7520f",
      "length": 1036801,
      "name": "VOC: LKNYMB",
      "package": null
    },
    {
      "asset": "voc/lkkvas_voc.jpg",
      "checksum": "7a8bcf84fb2e0adf10840c8982b41e32b0622e06966dc15ed6a5125a6cab80c5",
      "length": 946465,
      "name": "VOC: LKKVAS",
      "package": null
    },
    {
      "asset": "voc/lksr_voc.jpg",
      "checksum": "1e5b6326782084773495d703655c133d49bb1a9bc98f0d8a4d05a65c27dd925d",
      "length": 1081811,
      "name": "VOC: LKSR",
      "package": null
    },
    {
      "asset": "voc/lkpi_voc.jpg",
      "checksum": "120006bcd32981b2fea1e28aa2d84a150056fbd2705a74a3e467be90deb0a856",
      "length": 1072771,
      "name": "VOC: LKPI",
      "package": null
    },
    {
      "asset": "voc/lknm_voc.jpg",
      "checksum": "8e56abdd1b6f8ae7f7e36818625a6ed119fb8f32d98ac1afe8954c8aa19bdf76",
      "length": 997117,
      "name": "VOC: LKNM",
      "package": null
    },
    {
      "asset": "voc/lkpoca_voc.jpg",
      "checksum": "1cbffb6660be57676a57efebcc132b7e2cc27238439313833bb2d4ac521e1518",
      "length": 1011915,
      "name": "VOC: LKPOCA",
      "package": null
    },
    {
      "asset": "voc/lkkriz_voc.jpg",
      "checksum": "5cc4f088ae38cecaeefe880dfdd7dadac3ca7b09efb0146aeb6d3018836b8beb",
      "length": 819650,
      "name": "VOC: LKKRIZ",
      "package": null
    },
    {
      "asset": "voc/lkvm_voc.jpg",
      "checksum": "1a9e7064345d034e5a2daddaae38357149757df9631bb3427e71ccbf7bf752c8",
      "length": 1059304,
      "name": "VOC: LKVM",
      "package": null
    },
    {
      "asset": "voc/lkslus_voc.jpg",
      "checksum": "47752492ba709bb9f09546558a62ee39abb69ef41830179afee41822f69b9a5a",
      "length": 962414,
      "name": "VOC: LKSLUS",
      "package": null
    },
    {
      "asset": "voc/lkhc_voc.jpg",
      "checksum": "558a9b8e8e7be820ae01e36ec7641027c7e5388067013331673aa9e5c54ef3f5",
      "length": 982491,
      "name": "VOC: LKHC",
      "package": null
    },
    {
      "asset": "voc/lkbrto_voc.jpg",
      "checksum": "e70509c8d44574130ec88e2baaced105464ec5005dbaae05543926f6a22c3946",
      "length": 1081244,
      "name": "VOC: LKBRTO",
      "package": null
    },
    {
      "asset": "voc/lkzi_voc.jpg",
      "checksum": "cce49b07ccc35d559393e32e3d5f8c83ee60ee4fcf55839b804010f90757a2be",
      "length": 1155789,
      "name": "VOC: LKZI",
      "package": null
    },
    {
      "asset": "voc/lkry_voc.jpg",
      "checksum": "7b3d784a782ed021fe7b947c829cea9dd5b0bf6f0227cde24c64b0a15fcbbfdf",
      "length": 895791,
      "name": "VOC: LKRY",
      "package": null
    },
    {
      "asset": "voc/lkpl_voc.jpg",
      "checksum": "1bfc7eca5ee3bf3c25ae9c541fc4da94ec841ce96676998ae0ea1fcbdf591ae3",
      "length": 981719,
      "name": "VOC: LKPL",
      "package": null
    },
    {
      "asset": "voc/lkza_voc.jpg",
      "checksum": "bd3762e4a59fa77be2b8f393accbf235cce14412a31f24327df8a224e1510bc5",
      "length": 1010943,
      "name": "VOC: LKZA",
      "package": null
    },
    {
      "asset": "voc/lkdruz_voc.jpg",
      "checksum": "7fa4f27ca3f5e4a0b212e3adb633d6086ff3f4f0c02a30bb215f82f2cc576a0c",
      "length": 938066,
      "name": "VOC: LKDRUZ",
      "package": null
    },
    {
      "asset": "voc/lkmiro_voc.jpg",
      "checksum": "5593519349e5999f16d6a9452074950dd445e78afe0d210413a0ee3ee6120e98",
      "length": 899757,
      "name": "VOC: LKMIRO",
      "package": null
    },
    {
      "asset": "voc/lkpp_voc.jpg",
      "checksum": "9c264af700681b5a3f563c48f80f1e6ebc6a3684b70ae7f3586462b73507d8e7",
      "length": 1376542,
      "name": "VOC: LKPP",
      "package": null
    },
    {
      "asset": "voc/lkvn_voc.jpg",
      "checksum": "bbb6dc80e4c9fa63d153a9cd213216276332c45cd0cc1ce56839b321600e3895",
      "length": 1118763,
      "name": "VOC: LKVN",
      "package": null
    },
    {
      "asset": "voc/lknk_voc.jpg",
      "checksum": "cb1447ab5c0332fc37f92fb3e5e884e163d46cbd7cd258e4767a8a882bec35dd",
      "length": 1122418,
      "name": "VOC: LKNK",
      "package": null
    },
    {
      "asset": "voc/lkct_voc.jpg",
      "checksum": "7b70fb7a58212aa3d8bd7cd52babfd84372c675793a0cd55445f1adc0195c86d",
      "length": 1218638,
      "name": "VOC: LKCT",
      "package": null
    },
    {
      "asset": "voc/lkkram_voc.jpg",
      "checksum": "31a70af44f41fc98c77f0f9d1ed743d3b9288cdfee0dff7a769d32837d32462d",
      "length": 839584,
      "name": "VOC: LKKRAM",
      "package": null
    },
    {
      "asset": "voc/lkbi_voc.jpg",
      "checksum": "229007067c90d96241c9a296c889d7927c3a05edb4ac73763c4a42406cdf236a",
      "length": 959969,
      "name": "VOC: LKBI",
      "package": null
    },
    {
      "asset": "voc/lkpy_voc.jpg",
      "checksum": "78fa71cc590a10a9daae510bc098ef14764c041f118e5167ef3c05956923a31a",
      "length": 1344899,
      "name": "VOC: LKPY",
      "package": null
    },
    {
      "asset": "voc/lktr_voc.jpg",
      "checksum": "a6550d560886a8f2391bf3284f862dd0dac6127a14807cd006c54e997a9b9d53",
      "length": 1095709,
      "name": "VOC: LKTR",
      "package": null
    },
    {
      "asset": "voc/lkky_voc.jpg",
      "checksum": "2cba7d215bcbbb47f776839ad4964194983b5c8e594c944b81acaf7ed3040cd1",
      "length": 1009044,
      "name": "VOC: LKKY",
      "package": null
    },
    {
      "asset": "voc/lkms_voc.jpg",
      "checksum": "07403092b27c276861359ec5e183dd405ff067d1ac2fcafe81bb2a2c58cb3e09",
      "length": 1102406,
      "name": "VOC: LKMS",
      "package": null
    },
    {
      "asset": "voc/lkpn_voc.jpg",
      "checksum": "be6dc0a567df6cf2dd747dddf7d4707e7327f15463ba749ebe05b051d6d224e3",
      "length": 1247579,
      "name": "VOC: LKPN",
      "package": null
    },
    {
      "asset": "voc/lkpm_voc.jpg",
      "checksum": "e2a0adada33fb95b597748d81a618e411b88d00d1bf997df497e598d9051f842",
      "length": 1288213,
      "name": "VOC: LKPM",
      "package": null
    },
    {
      "asset": "voc/lklh_voc.jpg",
      "checksum": "3f1f05bfa7f9afff578c6d243c30333e707e4eca6baf18e89f2a0b0f404d783e",
      "length": 1066695,
      "name": "VOC: LKLH",
      "package": null
    },
    {
      "asset": "voc/lkpole_voc.jpg",
      "checksum": "e808e11e17c2754743e3343da0d6d88f753e1e529b78acadb2f973615a046422",
      "length": 966852,
      "name": "VOC: LKPOLE",
      "package": null
    },
    {
      "asset": "voc/lkuo_voc.jpg",
      "checksum": "ff354ed954b8c6dea87937b5b818b3a247ca54d5ab93aa05f0704d0a534a214c",
      "length": 1035574,
      "name": "VOC: LKUO",
      "package": null
    },
    {
      "asset": "voc/lklc_voc.jpg",
      "checksum": "84959c7700653ca3cae3af7d7ea3a4e3de677e270aadf088e6407ace0d0ea988",
      "length": 1070137,
      "name": "VOC: LKLC",
      "package": null
    },
    {
      "asset": "voc/lkst_voc.jpg",
      "checksum": "cdce404cdce013b2c721958bc81c0ebbcc488f6905378289b05c6fe5cf385ae7",
      "length": 990572,
      "name": "VOC: LKST",
      "package": null
    },
    {
      "asset": "voc/lkkapl_voc.jpg",
      "checksum": "d69d57851e76837ecf5f0c861765545cc299733610b7f02f848a59661b32c7d8",
      "length": 867300,
      "name": "VOC: LKKAPL",
      "package": null
    },
    {
      "asset": "voc/lkmk_voc.jpg",
      "checksum": "3ded6fc8d7e7b571bce0797543e6bd5ed7a49ab4a60a727d25c691c53eec1385",
      "length": 1021294,
      "name": "VOC: LKMK",
      "package": null
    },
    {
      "asset": "voc/lkhlas_voc.jpg",
      "checksum": "2af6325b5c547aa727ccc699e1e8d9906c8d811679137b1fb95b2ed45401c9ae",
      "length": 1044759,
      "name": "VOC: LKHLAS",
      "package": null
    },
    {
      "asset": "voc/lkop_voc.jpg",
      "checksum": "f29e7bad4db64e084a3b13ae3d3976334d8979b953734cb0f58f252a7686e4a7",
      "length": 1184534,
      "name": "VOC: LKOP",
      "package": null
    },
    {
      "asset": "voc/lkmilo_voc.jpg",
      "checksum": "3ba7d62d7ee63a36ebf44565f79f68ce00c15bbc8a3234de74ad0b10fc98a4d4",
      "length": 1068051,
      "name": "VOC: LKMILO",
      "package": null
    },
    {
      "asset": "voc/lklo_voc.jpg",
      "checksum": "f1f3d53711552badd25d0386c26bd49728e43e4bd5de4fe0adbdc4cfc845ae5f",
      "length": 1188218,
      "name": "VOC: LKLO",
      "package": null
    },
    {
      "asset": "voc/lkpc_voc.jpg",
      "checksum": "389afd23bed05f312e5d885d397e6bc203cc082befa5d48c68e5476f98e2b5a0",
      "length": 2460406,
      "name": "VOC: LKPC",
      "package": null
    },
    {
      "asset": "voc/lkce_voc.jpg",
      "checksum": "dbf47c05b4713d4494b236e8b6f60e863882594fd25a04fe832e5bb69360477c",
      "length": 611125,
      "name": "VOC: LKCE",
      "package": null
    },
    {
      "asset": "voc/lklb_voc.jpg",
      "checksum": "8f49d6ac76ee2963809ce4e7a89ffc3a730e546a1fb2aa825aacc9edc0077167",
      "length": 1019420,
      "name": "VOC: LKLB",
      "package": null
    },
    {
      "asset": "voc/lkso_voc.jpg",
      "checksum": "46a37bc955bc68a1b82610c6dd250c68586ed8fe97232d3bf1d10d9cc943af96",
      "length": 975734,
      "name": "VOC: LKSO",
      "package": null
    },
    {
      "asset": "voc/lkvp_voc.jpg",
      "checksum": "7d344808b36bd2c71aaa68fadce8dcf5b3b521e5c944c5cd8e79722ee08f33bb",
      "length": 942982,
      "name": "VOC: LKVP",
      "package": null
    },
    {
      "asset": "voc/lkcc_voc.jpg",
      "checksum": "27ccd8018d21befbad00d0e55c6a8afcb38f4438bd7c936061d9512fecc1ce4b",
      "length": 2329674,
      "name": "VOC: LKCC",
      "package": null
    },
    {
      "asset": "voc/lksp_voc.jpg",
      "checksum": "40f878c68ed089eebbd8bc28023a3bc3d8f6853d81150c4749f649ead15afdcb",
      "length": 1026572,
      "name": "VOC: LKSP",
      "package": null
    },
    {
      "asset": "voc/lkchar_voc.jpg",
      "checksum": "712f0fe860d409a072cfd3533da6628debd582713bacf4c2cb07d760aaec8e4f",
      "length": 968159,
      "name": "VOC: LKCHAR",
      "package": null
    },
    {
      "asset": "voc/lkla_voc.jpg",
      "checksum": "9d87d6ceba54f146517911beb917f41a504ff01863014e9a46ae4ec771c59427",
      "length": 1081858,
      "name": "VOC: LKLA",
      "package": null
    },
    {
      "asset": "voc/lkrk_voc.jpg",
      "checksum": "0dbbcc926b1736f0fdfc36a3cb6b8906ba825edf90bf742fda6fd33e639293ec",
      "length": 1003974,
      "name": "VOC: LKRK",
      "package": null
    },
    {
      "asset": "voc/lknach_voc.jpg",
      "checksum": "a5e60716642ee6efa4bfa0d0dd82f8cc6e6950ce3a3c12f55c56007cf85ab765",
      "length": 931447,
      "name": "VOC: LKNACH",
      "package": null
    },
    {
      "asset": "voc/lkbl_voc.jpg",
      "checksum": "3983a3995247d652f4dedc805ff8f38c234acea9b2c95f66b3589fbf36ba743d",
      "length": 1172609,
      "name": "VOC: LKBL",
      "package": null
    },
    {
      "asset": "voc/lkbole_voc.jpg",
      "checksum": "a4721251a62159a7126ea6e601d87844b85b6f003e51277260cac65f126e5c9b",
      "length": 818782,
      "name": "VOC: LKBOLE",
      "package": null
    },
    {
      "asset": "voc/lkoc_voc.jpg",
      "checksum": "3cb14e1a89a90840fefce361dd1c49ce3f3a5df2d5877c4aad3967e646b2688c",
      "length": 1143425,
      "name": "VOC: LKOC",
      "package": null
    },
    {
      "asset": "voc/lkje_voc.jpg",
      "checksum": "0dc41c083bc7f3525921fdc39b9c90c7d9985ea8fa1b2da87b17cc3ae8515dd7",
      "length": 949508,
      "name": "VOC: LKJE",
      "package": null
    },
    {
      "asset": "voc/lkfm_voc.jpg",
      "checksum": "3d753a1a2319866f71fe535f260a15252a92edfb92240e47f93233b5b621a969",
      "length": 1222553,
      "name": "VOC: LKFM",
      "package": null
    },
    {
      "asset": "voc/lkpb_voc.jpg",
      "checksum": "2a61a86e0a190960a956b37262aaa0f3de5a632d174c1b069b5e21e493888c61",
      "length": 1341661,
      "name": "VOC: LKPB",
      "package": null
    },
    {
      "asset": "voc/lktd_voc.jpg",
      "checksum": "0cb549c30a8f26a55867c230816887a87947d7d780fe4061f382c4a8d48a600b",
      "length": 820569,
      "name": "VOC: LKTD",
      "package": null
    },
    {
      "asset": "voc/lkstet_voc.jpg",
      "checksum": "7d25f2fc42c6cd9fb9e9ac7e7832c05d57c7e62df49a6dbbbb260edbf149c365",
      "length": 940147,
      "name": "VOC: LKSTET",
      "package": null
    },
    {
      "asset": "voc/lkji_voc.jpg",
      "checksum": "a438f18ec08caecaf2730db48eef8f3925e353b7cdaf5db976861d5de7949322",
      "length": 1036895,
      "name": "VOC: LKJI",
      "package": null
    },
    {
      "asset": "voc/lkbore_voc.jpg",
      "checksum": "580e5c858d815580381a9618ab9a3024d202e7a414669f444fab29a42959df3a",
      "length": 1161316,
      "name": "VOC: LKBORE",
      "package": null
    },
    {
      "asset": "voc/lkosic_voc.jpg",
      "checksum": "f621c0feb73c8f9afc810c5470bbbdccd93163886796fe5c2984664ab84ee0c0",
      "length": 1040770,
      "name": "VOC: LKOSIC",
      "package": null
    },
    {
      "asset": "voc/lkdo_voc.jpg",
      "checksum": "ee9c0ae2a0fd93ef9728cb8c718a4f4c14425fa1dd0e010a06b0a5d3b9712518",
      "length": 997097,
      "name": "VOC: LKDO",
      "package": null
    },
    {
      "asset": "voc/lkrv_voc.jpg",
      "checksum": "b4339f1c917d20bfa3f9b44fda955b4e53ea7df10b02150583dcbe05d76a0ca9",
      "length": 2457400,
      "name": "VOC: LKRV",
      "package": null
    },
    {
      "asset": "voc/lksz_voc.jpg",
      "checksum": "44aa2e565e60d20bca1ddedd1ba0133406c515d9e7b79d1a688840e09a7b94ee",
      "length": 1146846,
      "name": "VOC: LKSZ",
      "package": null
    },
    {
      "asset": "voc/lkbg_voc.jpg",
      "checksum": "bace0b7d61126143df22393e03c4bce21b77533cf259538ba3c0c0ddcccadbf4",
      "length": 1189119,
      "name": "VOC: LKBG",
      "package": null
    },
    {
      "asset": "voc/lkja_voc.jpg",
      "checksum": "afa6cf8d2bbb0d1ca91446010d09e3ceea00a098adf132c7dcc2b84062b6d59e",
      "length": 994826,
      "name": "VOC: LKJA",
      "package": null
    },
    {
      "asset": "voc/lktb_voc.jpg",
      "checksum": "252e01efbb44117772bcce51aecc5c42b4f425dca14594403cf80bb3965ccbc5",
      "length": 1358444,
      "name": "VOC: LKTB",
      "package": null
    },
    {
      "asset": "voc/lkchoc_voc.jpg",
      "checksum": "9949043032c5abe457d206ea62714a47f47817f536635bfcfea1156acc070710",
      "length": 1089119,
      "name": "VOC: LKCHOC",
      "package": null
    },
    {
      "asset": "voc/lkcm_voc.jpg",
      "checksum": "52b88f56466e061f716374273a3b958fc6ff66abc778d78aeef3605adabd8554",
      "length": 1180450,
      "name": "VOC: LKCM",
      "package": null
    },
    {
      "asset": "voc/lkchor_voc.jpg",
      "checksum": "696869edf3b015db415f8c1d8f67b9a570949665b75a8dd040e9151ca3feef66",
      "length": 924901,
      "name": "VOC: LKCHOR",
      "package": null
    },
    {
      "asset": "voc/lkkr_voc.jpg",
      "checksum": "5710ad48b53d59cc4fb0d8144663844b063fa9b72517e5c532dd171d2b9d72d0",
      "length": 828620,
      "name": "VOC: LKKR",
      "package": null
    },
    {
      "asset": "voc/lkpj_voc.jpg",
      "checksum": "39b22d37be2875041147f516d5d409d8fdbb6e037284f3f337c2ec142b0ef5b0",
      "length": 1086843,
      "name": "VOC: LKPJ",
      "package": null
    },
    {
      "asset": "voc/lkstrz_voc.jpg",
      "checksum": "8b4718eb989ca8e9932832710cf36b6682a054b2ab1920b567fcd538fb7f2578",
      "length": 881401,
      "name": "VOC: LKSTRZ",
      "package": null
    },
    {
      "asset": "voc/lktu_voc.jpg",
      "checksum": "d042f5610f971cfc98d11d125a9ebfdbdf0ded84277237acecd6e2ec27d74e6e",
      "length": 1069350,
      "name": "VOC: LKTU",
      "package": null
    },
    {
      "asset": "voc/lkno_voc.jpg",
      "checksum": "99f48ff16a29c26841d130075963f91356a994be8e2877bfc83b033ec4fb28ab",
      "length": 1127281,
      "name": "VOC: LKNO",
      "package": null
    },
    {
      "asset": "voc/lkmo_voc.jpg",
      "checksum": "ca0555c9e32a610f515af808189035acd412eb7c1f382e0db358db90ac4dbd3c",
      "length": 1013239,
      "name": "VOC: LKMO",
      "package": null
    },
    {
      "asset": "voc/lknvce_voc.jpg",
      "checksum": "582a29187cb75726049a0d5a1cb27b51e2f4b55e0fc4d89e5644d5a4cb306800",
      "length": 784537,
      "name": "VOC: LKNVCE",
      "package": null
    },
    {
      "asset": "voc/lkph_voc.jpg",
      "checksum": "dbed5eb5bf3e7ae7356b4e8b37a65b7d03a5a9fc9e17ec619e87d6fd98b72cf1",
      "length": 1379886,
      "name": "VOC: LKPH",
      "package": null
    },
    {
      "asset": "voc/lkhs_voc.jpg",
      "checksum": "d2f4b320ff1a062a45551de2520628db5a0b393ecaf9f7cdc1aa1562a1f02bd5",
      "length": 1026422,
      "name": "VOC: LKHS",
      "package": null
    },
    {
      "asset": "voc/lkkj_voc.jpg",
      "checksum": "c9b9915dcdad17c118a68f88efff04a2dccbd89bf2bed8e91b08938f298a6f82",
      "length": 1113230,
      "name": "VOC: LKKJ",
      "package": null
    },
    {
      "asset": "voc/lkzb_voc.jpg",
      "checksum": "39615d03bde9d398cc44560e3d1c08063a5711a608600b080317f6d970f502c9",
      "length": 1196946,
      "name": "VOC: LKZB",
      "package": null
    },
    {
      "asset": "voc/lkzm_voc.jpg",
      "checksum": "1803b1900c15c2e96e91f0ada47b2aa3a1d42e1e0c8dd971079fc5d4f7a8d3c6",
      "length": 992663,
      "name": "VOC: LKZM",
      "package": null
    },
    {
      "asset": "voc/lkbd_voc.jpg",
      "checksum": "e59fddca09d4ba636f3d59a94c2140acaf6f7df6dc48b94c107d982fdc6d8d40",
      "length": 1204913,
      "name": "VOC: LKBD",
      "package": null
    },
    {
      "asset": "voc/lkpavl_voc.jpg",
      "checksum": "c5996847eabc2fadf81a8713ff13aac9a20cb1877f9b2628ca57d351f0c0d348",
      "length": 920064,
      "name": "VOC: LKPAVL",
      "package": null
    },
    {
      "asset": "voc/lklu_voc.jpg",
      "checksum": "07ac4639379799674903b1248fc74c49f6dccb09daff83aa51b607d65792be18",
      "length": 1048996,
      "name": "VOC: LKLU",
      "package": null
    },
    {
      "asset": "adc/lktrbh_adc.jpg",
      "checksum": "2bab58772101746319af263ec619e31e7cc40d126589177245d634d8b6874ec5",
      "length": 120526,
      "name": "ADC: LKTRBH",
      "package": null
    },
    {
      "asset": "adc/lkchov_adc.jpg",
      "checksum": "fe711db3cbda35bff655fda41b276826e2f8f3cfdd41543099144362bdd94561",
      "length": 41406,
      "name": "ADC: LKCHOV",
      "package": null
    },
    {
      "asset": "adc/lksk_adc.jpg",
      "checksum": "0cc23495b3cf8dcda4f87b6924baefac8f36215d9785409e158aa61d79347ecc",
      "length": 117656,
      "name": "ADC: LKSK",
      "package": null
    },
    {
      "asset": "adc/lkbrto_adc.jpg",
      "checksum": "d651ec9728b389cdf9653da6fa1d327ffc93e8d7b683070726ce1681f5fdfd5b",
      "length": 56759,
      "name": "ADC: LKBRTO",
      "package": null
    },
    {
      "asset": "adc/lkky_adc.jpg",
      "checksum": "6adca6342ce8dc262db2b7cde45036aae4a30631334269edd15c402d24751484",
      "length": 85331,
      "name": "ADC: LKKY",
      "package": null
    },
    {
      "asset": "adc/lklb_adc.jpg",
      "checksum": "f547b404fb11944ba0a645acd22dd7cb9ebc0701d60586737b5b149d158c7a3e",
      "length": 112530,
      "name": "ADC: LKLB",
      "package": null
    },
    {
      "asset": "adc/lkhh_adc.jpg",
      "checksum": "05c8412f15b63e6689c917f7e14efdd091e8c0a4bcae37aae08c3d9abd35338c",
      "length": 344229,
      "name": "ADC: LKHH",
      "package": null
    },
    {
      "asset": "adc/lkpy_adc.jpg",
      "checksum": "2c7037895509a6795282365b4455f1d331df93c760fec0a97a4e305a2e8d533c",
      "length": 489376,
      "name": "ADC: LKPY",
      "package": null
    },
    {
      "asset": "adc/lksb_adc.jpg",
      "checksum": "fdaaa3279d98f2dec92919a26a41387c2eeec4c5370e4f8154299f821c4bd5d5",
      "length": 93280,
      "name": "ADC: LKSB",
      "package": null
    },
    {
      "asset": "adc/lkml_adc.jpg",
      "checksum": "617e4bbd6bb8d51c04aaeb7011abc1098c95614396a38e8d48612fd7ba20cb19",
      "length": 588296,
      "name": "ADC: LKML",
      "package": null
    },
    {
      "asset": "adc/lkbo_adc.jpg",
      "checksum": "1c9ee929bb3f34e58e7eb3ffd26d22c55e1eb90d338c6f53cd039f692f4c6711",
      "length": 58017,
      "name": "ADC: LKBO",
      "package": null
    },
    {
      "asset": "adc/lkchoc_adc.jpg",
      "checksum": "b5691a39c5b39d12dbcd76d5b7e0e1080332c0e69c01c61f80fc3736c3f0fc66",
      "length": 50421,
      "name": "ADC: LKCHOC",
      "package": null
    },
    {
      "asset": "adc/lktb_adc.jpg",
      "checksum": "28124514c5c622af75866e1dbc06cb81264e055c46aab225a8b6c3fc53811b84",
      "length": 300795,
      "name": "ADC: LKTB",
      "package": null
    },
    {
      "asset": "adc/lkps_adc.jpg",
      "checksum": "e3425d2ddd82f92d61b8c904ec91be3b1230a8dfe448b9888efe559cbbb1c4de",
      "length": 81625,
      "name": "ADC: LKPS",
      "package": null
    },
    {
      "asset": "adc/lkmiro_adc.jpg",
      "checksum": "f8e57614133b0723abcaa90dbff51c3056a48d4f5fd13adfd6d3b94434d163b2",
      "length": 75453,
      "name": "ADC: LKMIRO",
      "package": null
    },
    {
      "asset": "adc/lkvp_adc.jpg",
      "checksum": "4f459c4b85f5f68c3f66e0a5c5e3591b77e69c551645740f19350743b6494a20",
      "length": 97805,
      "name": "ADC: LKVP",
      "package": null
    },
    {
      "asset": "adc/lksn_adc.jpg",
      "checksum": "c52f9c1f124c40d1e0acc65bdb019e06194dd7d2b70da49338fef56e9b47caa3",
      "length": 95339,
      "name": "ADC: LKSN",
      "package": null
    },
    {
      "asset": "adc/lkbp_adc.jpg",
      "checksum": "5bee9bc5c4735421ee40b40e74737c4eae667bbb8a5285e656c02884e864342b",
      "length": 501083,
      "name": "ADC: LKBP",
      "package": null
    },
    {
      "asset": "adc/lkne_adc.jpg",
      "checksum": "dbcc6676e26600d8177bb16a61ea0d59870ce7a28f316d6ebf3fd045e253e436",
      "length": 195475,
      "name": "ADC: LKNE",
      "package": null
    },
    {
      "asset": "adc/lkuo_adc.jpg",
      "checksum": "c083dd1c8a87efdfe95fba8a15f559f487f836001abae41430765e59f24e17e2",
      "length": 107605,
      "name": "ADC: LKUO",
      "package": null
    },
    {
      "asset": "adc/lkov_adc.jpg",
      "checksum": "402329523dea36507a2aa211846a3b5fa0f1766e357d2a8233f68ab966f13235",
      "length": 358241,
      "name": "ADC: LKOV",
      "package": null
    },
    {
      "asset": "adc/lkvy_adc.jpg",
      "checksum": "f8c43356927720953842119b9d3873ded350ed5c3b6abe3fe608b7bc541b17a3",
      "length": 107264,
      "name": "ADC: LKVY",
      "package": null
    },
    {
      "asset": "adc/lkol_adc.jpg",
      "checksum": "398d33fc9531f3da1bd76d50ff46dafb8ab83e460800746cfaae18da06938a60",
      "length": 101311,
      "name": "ADC: LKOL",
      "package": null
    },
    {
      "asset": "adc/lkhc_adc.jpg",
      "checksum": "9b1ba99a2cc5665b717212728b37460d1e338fdcb48df4596f3ec8ff18663506",
      "length": 71817,
      "name": "ADC: LKHC",
      "package": null
    },
    {
      "asset": "adc/lkkm_adc.jpg",
      "checksum": "18b38626118f3b80d8cea1781f50de716ae28aadef67bf7565c603d9e4bdb1a6",
      "length": 98647,
      "name": "ADC: LKKM",
      "package": null
    },
    {
      "asset": "adc/lkfm_adc.jpg",
      "checksum": "739bf95132407a8306703d5412e7fd23fa188adc53759053bf05a62e263c04ba",
      "length": 488877,
      "name": "ADC: LKFM",
      "package": null
    },
    {
      "asset": "adc/lkbe_adc.jpg",
      "checksum": "181c31f3ce51892eabd1740665d25d669ee35feeffdb7036d68a4056ef737697",
      "length": 87236,
      "name": "ADC: LKBE",
      "package": null
    },
    {
      "asset": "adc/lkcm_adc.jpg",
      "checksum": "816f02912c49a95ebefbc6b659037b9f9ec878d0b91eb83ae839a16f572121e9",
      "length": 76752,
      "name": "ADC: LKCM",
      "package": null
    },
    {
      "asset": "adc/lkhath_adc.jpg",
      "checksum": "918ea3fac6e612febb421f13adcf7fca8dfae1ff4b638abc69228ebb09e7e50d",
      "length": 59754,
      "name": "ADC: LKHATH",
      "package": null
    },
    {
      "asset": "adc/lknc_adc.jpg",
      "checksum": "885aae5dc5a122a3bffc57e3d6ea9e4c67aefbbe32acfa625f9b37592c721f97",
      "length": 463987,
      "name": "ADC: LKNC",
      "package": null
    },
    {
      "asset": "adc/lkchvo_adc.jpg",
      "checksum": "7fbef3a6aef7ec5b2656ec1096f9bc6349ac9ee0404e68b5152dc30d1599b373",
      "length": 39923,
      "name": "ADC: LKCHVO",
      "package": null
    },
    {
      "asset": "adc/lkzb_adc.jpg",
      "checksum": "e2bfef73c0c899b068ddfecdf61bcde72774b10ba4f858d627cd7aed2f2282bb",
      "length": 92427,
      "name": "ADC: LKZB",
      "package": null
    },
    {
      "asset": "adc/lkot_adc.jpg",
      "checksum": "493448cf5b3799bebf808f3d7a5d98a9f9c7de2e5a7feab2b2e0785def78d497",
      "length": 316937,
      "name": "ADC: LKOT",
      "package": null
    },
    {
      "asset": "adc/lkjl_adc.jpg",
      "checksum": "6f8a00660b9973593bcd6ea8c875aaf286422b5b45bba3fa802d8520583b60d0",
      "length": 450092,
      "name": "ADC: LKJL",
      "package": null
    },
    {
      "asset": "adc/lkno_adc.jpg",
      "checksum": "1f8b3510a691d34eb67c3326af992d1063f0bc7980e0a78eef12e1fbeb41cd32",
      "length": 414240,
      "name": "ADC: LKNO",
      "package": null
    },
    {
      "asset": "adc/lkba_adc.jpg",
      "checksum": "07886fb05e0215346d7719c20f9619b4ed6edd44fb2323a36c2fab2b811403cf",
      "length": 100946,
      "name": "ADC: LKBA",
      "package": null
    },
    {
      "asset": "adc/lkha_adc.jpg",
      "checksum": "b8cfa3103cf0e9bbd25621bcc33f18335fa72d2fe4ff1f9b50fa385cd04e454e",
      "length": 398823,
      "name": "ADC: LKHA",
      "package": null
    },
    {
      "asset": "adc/lkmb_adc.jpg",
      "checksum": "598d687e4284368c747ae1dd6704529a60d9f99f18a1ff65408de0e9cdb0300a",
      "length": 95396,
      "name": "ADC: LKMB",
      "package": null
    },
    {
      "asset": "adc/lknuci_adc.jpg",
      "checksum": "7c0ab24ff984ee262e31a0cb82b8d6919fe83a2e689a1aad286cddb403500ec5",
      "length": 66008,
      "name": "ADC: LKNUCI",
      "package": null
    },
    {
      "asset": "adc/lkra_adc.jpg",
      "checksum": "bb25b80869c4e2038e28a495e53858874d5db77420026d946debafe9b4a6e2a5",
      "length": 95358,
      "name": "ADC: LKRA",
      "package": null
    },
    {
      "asset": "adc/lkkejz_adc.jpg",
      "checksum": "de86dcc4f8ab2cba6bf1e42ad604e83fd7e781202786264d17bf4409910f8e6c",
      "length": 56910,
      "name": "ADC: LKKEJZ",
      "package": null
    },
    {
      "asset": "adc/lkla_adc.jpg",
      "checksum": "0c6678dce94ed64d246835e71da19bb1647080f851d1118448a6901340d98bdf",
      "length": 329665,
      "name": "ADC: LKLA",
      "package": null
    },
    {
      "asset": "adc/lkch_adc.jpg",
      "checksum": "65dcf0426496b5cd77d2d1e023d0d733a6f1ab7a30ce358b6824b276635295ed",
      "length": 86564,
      "name": "ADC: LKCH",
      "package": null
    },
    {
      "asset": "adc/lkth_adc.jpg",
      "checksum": "b8e419e1f8e1f7a5d62f4352d69bcf9fd5f6128f7ae8a8a7952c80df67a11f5e",
      "length": 284031,
      "name": "ADC: LKTH",
      "package": null
    },
    {
      "asset": "adc/lkta_adc.jpg",
      "checksum": "fa4d8be95274468ed50ec927771c337777e143cce1d24a3a1ddf904a79749b97",
      "length": 119707,
      "name": "ADC: LKTA",
      "package": null
    },
    {
      "asset": "adc/lkza_adc.jpg",
      "checksum": "adbfb1681c468bec922fe5416718e56c9d598be7194cf3aff74a04ac066405ac",
      "length": 55876,
      "name": "ADC: LKZA",
      "package": null
    },
    {
      "asset": "adc/lkchra_adc.jpg",
      "checksum": "e1bd5e212f60910853218b9028703d3d063a2c059ce7394dc46e300cb13961c3",
      "length": 34176,
      "name": "ADC: LKCHRA",
      "package": null
    },
    {
      "asset": "adc/lkpr_adc.jpg",
      "checksum": "3b9f9419cbface995103af1168816791d60f803eb1ecae5e3ee1aa308baa18c7",
      "length": 470992,
      "name": "ADC: LKPR",
      "package": null
    },
    {
      "asset": "adc/lkul_adc.jpg",
      "checksum": "2026fd9f1c84038f1c06edfa8b92d12fa99a7eabec9aba6d1bd165f3c049455f",
      "length": 91542,
      "name": "ADC: LKUL",
      "package": null
    },
    {
      "asset": "adc/lkpj_adc.jpg",
      "checksum": "046d5aefe62603736e54c1ca05adebdb1ede1f124c3a171cd94221da3c4c7523",
      "length": 96830,
      "name": "ADC: LKPJ",
      "package": null
    },
    {
      "asset": "adc/lkdusn_adc.jpg",
      "checksum": "985213b59d44b17ecadf0fc6c852ae3aacc01d69f8671d97a960caf7712bf836",
      "length": 83397,
      "name": "ADC: LKDUSN",
      "package": null
    },
    {
      "asset": "adc/lkbn_adc.jpg",
      "checksum": "052894c2a67232c8f1e4470460dd69f04a6bac31bbad10c973f15a200bce7a74",
      "length": 349629,
      "name": "ADC: LKBN",
      "package": null
    },
    {
      "asset": "adc/lkji_adc.jpg",
      "checksum": "c6c88e77d3ae336e26b8aa4fd7efba78139909911b65b7bf272e03a737b5c7a7",
      "length": 102729,
      "name": "ADC: LKJI",
      "package": null
    },
    {
      "asset": "adc/lkkrpy_adc.jpg",
      "checksum": "df48b4d8afa4bb6e8104572f965cc910f1e009235cce64be00a1b388c84e7013",
      "length": 53705,
      "name": "ADC: LKKRPY",
      "package": null
    },
    {
      "asset": "adc/lkvl_adc.jpg",
      "checksum": "9a0af4803c5d49327ad6997cf9d9e96a78b151c25facf6a74cc9c55847950ee5",
      "length": 75576,
      "name": "ADC: LKVL",
      "package": null
    },
    {
      "asset": "adc/lksp_adc.jpg",
      "checksum": "f2d722337a202d3728aed905f3460835188eab68da2d4961d6fd492bc2cd4555",
      "length": 430381,
      "name": "ADC: LKSP",
      "package": null
    },
    {
      "asset": "adc/lkke_adc.jpg",
      "checksum": "b4f28088daf32f5d90a9bfc30576c1d57f9655ad01a81fe92399fc85739df396",
      "length": 245107,
      "name": "ADC: LKKE",
      "package": null
    },
    {
      "asset": "adc/lkcr_adc.jpg",
      "checksum": "a78c9d3681c15a3293d7f6e02c72423c77ff02cda7aac3460851b48c0134878b",
      "length": 70360,
      "name": "ADC: LKCR",
      "package": null
    },
    {
      "asset": "adc/lkmr_adc.jpg",
      "checksum": "f83aba2a67cfbdd2b3949123172aa3d3f6629c0e513420884245e2b628897d2b",
      "length": 58023,
      "name": "ADC: LKMR",
      "package": null
    },
    {
      "asset": "adc/lksz_adc.jpg",
      "checksum": "efd427971829ec9662c1d229c666018df65730494ff57124b2cddd23a6e4dd27",
      "length": 100793,
      "name": "ADC: LKSZ",
      "package": null
    },
    {
      "asset": "adc/lkco_adc.jpg",
      "checksum": "0724ec8d9e8f053f657a243c0f4650fb005d675d742cc250df7546a38c81ff65",
      "length": 200743,
      "name": "ADC: LKCO",
      "package": null
    },
    {
      "asset": "adc/lkjh_adc.jpg",
      "checksum": "c7b28521e73db6624997955f9baa6eec2412fe56e60950a1dfbc10ae42183786",
      "length": 99304,
      "name": "ADC: LKJH",
      "package": null
    },
    {
      "asset": "adc/lkto_adc.jpg",
      "checksum": "72033f71d40cadcd0357bb59a048a821c450adc88959e032d4299e4f8c1115c1",
      "length": 83719,
      "name": "ADC: LKTO",
      "package": null
    },
    {
      "asset": "adc/lkku_adc.jpg",
      "checksum": "e88b8e323dc04c52309642c65998802c7ed1ff5c9a421e4ac88aeb5d98a969d6",
      "length": 267506,
      "name": "ADC: LKKU",
      "package": null
    },
    {
      "asset": "adc/lksl_adc.jpg",
      "checksum": "4b65f9cc1b86df55e3d901b011f767f6e19d819b2b4bebe46fb2f042a16e16c4",
      "length": 338816,
      "name": "ADC: LKSL",
      "package": null
    },
    {
      "asset": "adc/lkpn_adc.jpg",
      "checksum": "67ea62d8b5a116fea014f0faf244e04f53b1682ac0d91c98cacbee0505a428ef",
      "length": 87094,
      "name": "ADC: LKPN",
      "package": null
    },
    {
      "asset": "adc/lktd_adc.jpg",
      "checksum": "0a6a510cb79c7e092af23c909b4dd8becc7f778f22abc96d8135c6136a2e16d3",
      "length": 139857,
      "name": "ADC: LKTD",
      "package": null
    },
    {
      "asset": "adc/lkkram_adc.jpg",
      "checksum": "9fd75bb5b24452826ceb630f3d63050ce8f7be02a5ba81fb006df84207224d9a",
      "length": 41369,
      "name": "ADC: LKKRAM",
      "package": null
    },
    {
      "asset": "adc/lklc_adc.jpg",
      "checksum": "ee68291d2105d4103cae0653881d974ab58af7f9190d4d14491a432ae28e88d8",
      "length": 508529,
      "name": "ADC: LKLC",
      "package": null
    },
    {
      "asset": "adc/lkzl_adc.jpg",
      "checksum": "bca71e49639e5b9a7a4e899cb87efc61f178c9b5bd066df5f10bd3661d3d9cb6",
      "length": 129392,
      "name": "ADC: LKZL",
      "package": null
    },
    {
      "asset": "adc/lkbr_adc.jpg",
      "checksum": "b229daa7d87a30e2c253104082c93671840b57270927951e77535ea8d740d8ff",
      "length": 93843,
      "name": "ADC: LKBR",
      "package": null
    },
    {
      "asset": "adc/lkhl_adc.jpg",
      "checksum": "72fbb1c026a7ebda20249344dd914c8dc1f16a4ca7f1dcac5ba8c092a8ed6166",
      "length": 472178,
      "name": "ADC: LKHL",
      "package": null
    },
    {
      "asset": "adc/lkkotv_adc.jpg",
      "checksum": "9d9c851bcbe05749be6d4035971d779d37fd66671ca56f625e22ef2e4bae3633",
      "length": 51323,
      "name": "ADC: LKKOTV",
      "package": null
    },
    {
      "asset": "adc/lkzi_adc.jpg",
      "checksum": "8660be93100e378f2cc3449fb7aaaffb441a143fcee726e653207a26f865ebda",
      "length": 399460,
      "name": "ADC: LKZI",
      "package": null
    },
    {
      "asset": "adc/lkbu_adc.jpg",
      "checksum": "c1b97cb281b3a221f9243cfdda4a4ed2aba513a29954118ccdae6708a3c17a9c",
      "length": 113611,
      "name": "ADC: LKBU",
      "package": null
    },
    {
      "asset": "adc/lkdk_adc.jpg",
      "checksum": "d820bc8fe94d8d255d50c0eac37cd93fe162d51c04d12e38b9de2eb63e2446bd",
      "length": 134668,
      "name": "ADC: LKDK",
      "package": null
    },
    {
      "asset": "adc/lkoc_adc.jpg",
      "checksum": "fb1cdeef5afd5576253bf0da83ec2d18ff415d1269d93b4c5142d5437b903a4c",
      "length": 439501,
      "name": "ADC: LKOC",
      "package": null
    },
    {
      "asset": "adc/lkhv_adc.jpg",
      "checksum": "26b3e8f784cf60e0ff806037eb93aacad8c625b6bac1ceb3dc78393c40a20e8f",
      "length": 96857,
      "name": "ADC: LKHV",
      "package": null
    },
    {
      "asset": "adc/lksv_adc.jpg",
      "checksum": "0555d80bfb70c5cd85f01a3b94b2d374bb9e2ac8971e954c1fef3109f76adfc2",
      "length": 390853,
      "name": "ADC: LKSV",
      "package": null
    },
    {
      "asset": "adc/lkki_adc.jpg",
      "checksum": "dff2128878b2dd5ee3a5513d3ffd77c61f72c08c27caa04a7a77c89dad330e58",
      "length": 439840,
      "name": "ADC: LKKI",
      "package": null
    },
    {
      "asset": "adc/lkkost_adc.jpg",
      "checksum": "b661153caf6233379498df1f7f362a395e21a9865403f9abe3acbf53ed6f7390",
      "length": 50689,
      "name": "ADC: LKKOST",
      "package": null
    },
    {
      "asset": "adc/lkleto_adc.jpg",
      "checksum": "9e58ed4fbff6f4839ec8922cd21fe12eb457b877dac74ab04457c363c941107f",
      "length": 66862,
      "name": "ADC: LKLETO",
      "package": null
    },
    {
      "asset": "adc/lkkapl_adc.jpg",
      "checksum": "8629093d22c618fecc442fb0e0bbc125910ea3382618d11b854ce647cf6b7c20",
      "length": 127053,
      "name": "ADC: LKKAPL",
      "package": null
    },
    {
      "asset": "adc/lkbl_adc.jpg",
      "checksum": "9870e71c8118515cc4be4ba4434bbc14cca32a3c951c529a6fe40aa26d2b9e5b",
      "length": 448179,
      "name": "ADC: LKBL",
      "package": null
    },
    {
      "asset": "adc/lkus_adc.jpg",
      "checksum": "00ce1cde78367c847a2235658177939d152f40b35027b2bd8fb271c9d5ce5e6f",
      "length": 404389,
      "name": "ADC: LKUS",
      "package": null
    },
    {
      "asset": "adc/lker_adc.jpg",
      "checksum": "fef294c76e8a0aa2440ae3ac7252be57667127c2a3fad7bb2046996a121d5757",
      "length": 79377,
      "name": "ADC: LKER",
      "package": null
    },
    {
      "asset": "adc/lkcc_adc.jpg",
      "checksum": "89d1ec43232d63c33913cd64c822ca3b1b50cf6df9cd507cd818f8d94df3a825",
      "length": 395044,
      "name": "ADC: LKCC",
      "package": null
    },
    {
      "asset": "adc/lknr_adc.jpg",
      "checksum": "82fd63ac2622f7084ea3adce0230efc808b5f9192c4e688d95eae322cad7e6a0",
      "length": 530644,
      "name": "ADC: LKNR",
      "package": null
    },
    {
      "asset": "adc/lkbd_adc.jpg",
      "checksum": "342b54fc64e24c845e32cf9bc04038be86f02c7fd0a3516aff98bbc4e0c74167",
      "length": 275500,
      "name": "ADC: LKBD",
      "package": null
    },
    {
      "asset": "adc/lkbs_adc.jpg",
      "checksum": "d7e0b2b71e73b62b4ac3b5db6a371a55cae691da03c7b43e2a44208e6f1fde66",
      "length": 420273,
      "name": "ADC: LKBS",
      "package": null
    },
    {
      "asset": "adc/lkkune_adc.jpg",
      "checksum": "839fdecebcb57ca20b6ba58331d4bf8f67eb89cd197123416e514154167a2122",
      "length": 93213,
      "name": "ADC: LKKUNE",
      "package": null
    },
    {
      "asset": "adc/lkph_adc.jpg",
      "checksum": "0c1d9cadc0dda177ee068627c5935e54ced3b3c86904bd6723ed4c2fbb5e3b9d",
      "length": 545783,
      "name": "ADC: LKPH",
      "package": null
    },
    {
      "asset": "adc/lktc_adc.jpg",
      "checksum": "56fa731548007b7f21de26d813e19336d17883b2523591c20309f8088ed04273",
      "length": 78174,
      "name": "ADC: LKTC",
      "package": null
    },
    {
      "asset": "adc/lkpo_adc.jpg",
      "checksum": "ec237e50b25dd5afbf1bd433ddda9a2baca755ad4da3101390329c1b187f69d5",
      "length": 309343,
      "name": "ADC: LKPO",
      "package": null
    },
    {
      "asset": "adc/lkjiri_adc.jpg",
      "checksum": "b1a4a5300701a731c813b00cfdc26a8db190184e9a2e8394c80e59344856332d",
      "length": 72429,
      "name": "ADC: LKJIRI",
      "package": null
    },
    {
      "asset": "adc/lkpf_adc.jpg",
      "checksum": "4aacb02857b997c6a4635f5187235d13609e96c8fd71e413e5c5e340f738e459",
      "length": 408474,
      "name": "ADC: LKPF",
      "package": null
    },
    {
      "asset": "adc/lkstip_adc.jpg",
      "checksum": "9a0833aa588bd2421066348ba413bad0c649bcf4a45d936cc232f94e1d548edb",
      "length": 50126,
      "name": "ADC: LKSTIP",
      "package": null
    },
    {
      "asset": "adc/lknach_adc.jpg",
      "checksum": "4490de988b84dc66f7c370890c3c9412e9b9c3b2bb739c07e4731dfaddc45609",
      "length": 88877,
      "name": "ADC: LKNACH",
      "package": null
    },
    {
      "asset": "adc/lkpa_adc.jpg",
      "checksum": "6d87eb46c81360e46f1590da238143ef06ad394289ea26263be22a128513ede7",
      "length": 73372,
      "name": "ADC: LKPA",
      "package": null
    },
    {
      "asset": "adc/lkpi_adc.jpg",
      "checksum": "6b4cb82ea785e20e3fef006cf5900d48e96a531d8583763897576a119a617563",
      "length": 71323,
      "name": "ADC: LKPI",
      "package": null
    },
    {
      "asset": "adc/lkoz_adc.jpg",
      "checksum": "de0004604cdd26158b795175f04d2d7b491dc2b45a58160b9113a6a31bade4dc",
      "length": 377582,
      "name": "ADC: LKOZ",
      "package": null
    },
    {
      "asset": "adc/lkcp_adc.jpg",
      "checksum": "97d82285228665d8a618affecc1330276bf43242f66aee7244f9aac934cc2c19",
      "length": 241895,
      "name": "ADC: LKCP",
      "package": null
    },
    {
      "asset": "adc/lkce_adc.jpg",
      "checksum": "c8956159159578dba3408a5323676129e6349f43dc72ed229a7e76658130ef38",
      "length": 78681,
      "name": "ADC: LKCE",
      "package": null
    },
    {
      "asset": "adc/lkbi_adc.jpg",
      "checksum": "47ffc41c6736c74e5a30d75e7a44b1e945cc3b0fc361d36a27fc16ee33cc128d",
      "length": 408416,
      "name": "ADC: LKBI",
      "package": null
    },
    {
      "asset": "adc/lkstet_adc.jpg",
      "checksum": "e6a085267f7b13ed295ff26318d8f640a33092b02deabd14021068d5407c915b",
      "length": 70361,
      "name": "ADC: LKSTET",
      "package": null
    },
    {
      "asset": "adc/lkca_adc.jpg",
      "checksum": "fb706970733aebdf0c88bad021ecf94c45b0586109330a62a1fece782c18540a",
      "length": 257052,
      "name": "ADC: LKCA",
      "package": null
    },
    {
      "asset": "adc/lkct_adc.jpg",
      "checksum": "9003fe4bf2d4a7ff1f8ffb19aea3cfe8466ee859d74b86f0b27228f9cc0d9a7c",
      "length": 94016,
      "name": "ADC: LKCT",
      "package": null
    },
    {
      "asset": "adc/lksu_adc.jpg",
      "checksum": "1a5cc889b0b081e2a26eef21f87da28958e144f09726d823d61a2dd08af1a46f",
      "length": 97960,
      "name": "ADC: LKSU",
      "package": null
    },
    {
      "asset": "adc/lktrut_adc.jpg",
      "checksum": "7e68be928667c6d81b1dd97089bc049f0b6b893870e3eca1977d914b26eb455f",
      "length": 76755,
      "name": "ADC: LKTRUT",
      "package": null
    },
    {
      "asset": "adc/lkfr_adc.jpg",
      "checksum": "c957557e281744db673558c9f8c794ace83cace3875de99e19bfb10e50a2be5d",
      "length": 86202,
      "name": "ADC: LKFR",
      "package": null
    },
    {
      "asset": "adc/lkpoca_adc.jpg",
      "checksum": "e3d644787a0a663fc35f7781e80555e919f3bd15ee6cb59ed49eeedf5cdbe5ed",
      "length": 73358,
      "name": "ADC: LKPOCA",
      "package": null
    },
    {
      "asset": "adc/lkkr_adc.jpg",
      "checksum": "0b4f71ded02c0e95fce20a6b41e462f1908d8c9624338b30c2645e0231c4b573",
      "length": 99937,
      "name": "ADC: LKKR",
      "package": null
    },
    {
      "asset": "adc/lkvo_adc.jpg",
      "checksum": "35def0ec8a339b84504cac17b34e02a417c9ae441b37b5e3888be50b43b665df",
      "length": 319470,
      "name": "ADC: LKVO",
      "package": null
    },
    {
      "asset": "adc/lkbudk_adc.jpg",
      "checksum": "292d9811b8c33e6a3b57b628c5443ea1ad4fd14da03ece50be1eb37782cc7b83",
      "length": 47455,
      "name": "ADC: LKBUDK",
      "package": null
    },
    {
      "asset": "adc/lknm_adc.jpg",
      "checksum": "4fe5c431d0378a943affc98da9aea1b2991e2e89309cd496da63120355b2b566",
      "length": 90903,
      "name": "ADC: LKNM",
      "package": null
    },
    {
      "asset": "adc/lkmilo_adc.jpg",
      "checksum": "a293842156b9b84a579cb93c698b299890e49998809c9ef0a27cdbdf2da5e7d5",
      "length": 71287,
      "name": "ADC: LKMILO",
      "package": null
    },
    {
      "asset": "adc/lkcs_adc.jpg",
      "checksum": "75d76dfdbd4a0abf3582848b038b8420c25acd3857d120305b19cbb8eecc1442",
      "length": 375749,
      "name": "ADC: LKCS",
      "package": null
    },
    {
      "asset": "adc/lkluha_adc.jpg",
      "checksum": "cadd54fb820cd0e25bcc45ced77429f97f119c16cb50ba0b05da1344bcde7612",
      "length": 53277,
      "name": "ADC: LKLUHA",
      "package": null
    },
    {
      "asset": "adc/lkbv_adc.jpg",
      "checksum": "f4edc325bb6e35a5e28434a7df7c2f07ca5eac53baa9445654968e0a62a267ea",
      "length": 451657,
      "name": "ADC: LKBV",
      "package": null
    },
    {
      "asset": "adc/lkbyst_adc.jpg",
      "checksum": "b577fd56d2e8797d2ba78c981c484a6f1dd263d3f737240d616a3f45dfbe7e43",
      "length": 65264,
      "name": "ADC: LKBYST",
      "package": null
    },
    {
      "asset": "adc/lkpavl_adc.jpg",
      "checksum": "4ccf3c75c00cd0d9759b35186c847647212731737b4b955501468cf93b0768c8",
      "length": 87639,
      "name": "ADC: LKPAVL",
      "package": null
    },
    {
      "asset": "adc/lktr_adc.jpg",
      "checksum": "5406a3c06c5f0a5ece965cc2c870e84294d315ccfa39d72d19ec1fcea1254be2",
      "length": 450716,
      "name": "ADC: LKTR",
      "package": null
    },
    {
      "asset": "adc/lkhs_adc.jpg",
      "checksum": "04417d83c942fa31641096ecc9c6ac2fcb4e857d251ee6f5a6cab085b667d041",
      "length": 103311,
      "name": "ADC: LKHS",
      "package": null
    },
    {
      "asset": "adc/lkcast_adc.jpg",
      "checksum": "c8b2040a55362277d3a9ecea2147504020d6d991293823136380a7a74ec959ea",
      "length": 39655,
      "name": "ADC: LKCAST",
      "package": null
    },
    {
      "asset": "adc/lkkz_adc.jpg",
      "checksum": "5597f9f279239189f1f48e6636135b6910c8f531cc33554d77c45cf6df0c9b87",
      "length": 375111,
      "name": "ADC: LKKZ",
      "package": null
    },
    {
      "asset": "adc/lklu_adc.jpg",
      "checksum": "4dd8d347a81cdd8a47ec3ef437dd9575aec580d67adba71f13574f07d87547c3",
      "length": 81346,
      "name": "ADC: LKLU",
      "package": null
    },
    {
      "asset": "adc/lkchar_adc.jpg",
      "checksum": "4da1899f8dacb847973aded36efc5f7b5917630f758ea9759ab2c977d9e1c54b",
      "length": 65998,
      "name": "ADC: LKCHAR",
      "package": null
    },
    {
      "asset": "adc/lkliba_adc.jpg",
      "checksum": "da531400597a7bd6cbf6428155561ac5d7f6c737f5e5cbfc931cf37ef1b057de",
      "length": 47225,
      "name": "ADC: LKLIBA",
      "package": null
    },
    {
      "asset": "adc/lkub_adc.jpg",
      "checksum": "5c3355c3cf2493a359060637acc5251d1aec723bccc44cb9a2986bb87918d6cf",
      "length": 435793,
      "name": "ADC: LKUB",
      "package": null
    },
    {
      "asset": "adc/lkst_adc.jpg",
      "checksum": "9a5653c5a1a8db25adf186ac1f6d47802ffc59b3514ab8488fb2093571fbea70",
      "length": 63576,
      "name": "ADC: LKST",
      "package": null
    },
    {
      "asset": "adc/lkdc_adc.jpg",
      "checksum": "c6fc2157862d1fd1b843280021543ff06edc43c081b06b3b9ecbdf2ecd8cd227",
      "length": 477847,
      "name": "ADC: LKDC",
      "package": null
    },
    {
      "asset": "adc/lksr_adc.jpg",
      "checksum": "7646b7184b1faea6e2e17ed5ff94eabb11ed0ace4b93f284199a916cf124cbbf",
      "length": 70426,
      "name": "ADC: LKSR",
      "package": null
    },
    {
      "asset": "adc/lkkt_adc.jpg",
      "checksum": "142458cc98b70ec4174aabdc6660a337108f2755f954f3a76d81175e6da52d3e",
      "length": 74753,
      "name": "ADC: LKKT",
      "package": null
    },
    {
      "asset": "adc/lkkozy_adc.jpg",
      "checksum": "a3f53ac34cbd48aac9ea7815c3cf01aa9be8040be06ad830075fe48f3db88c0b",
      "length": 92023,
      "name": "ADC: LKKOZY",
      "package": null
    },
    {
      "asset": "adc/lkry_adc.jpg",
      "checksum": "478db78f2cafbc6001c1edbbe1a8febff0d0233c5963c60852aad75deb967cf6",
      "length": 81709,
      "name": "ADC: LKRY",
      "package": null
    },
    {
      "asset": "adc/lkpv_adc.jpg",
      "checksum": "cd50520691d690ecd2dc9f72ba80b271f443fefc4635e2439d5494d54c6304d1",
      "length": 438745,
      "name": "ADC: LKPV",
      "package": null
    },
    {
      "asset": "adc/lkje_adc.jpg",
      "checksum": "d771e111ca69ccfb5890f2de8495081860e5a55ad7028584cc6193120822f80b",
      "length": 363790,
      "name": "ADC: LKJE",
      "package": null
    },
    {
      "asset": "adc/lkstrz_adc.jpg",
      "checksum": "7fdfcac23029ad76697342398cfa9c4617bb0085f27910fa0a578db579213dac",
      "length": 62793,
      "name": "ADC: LKSTRZ",
      "package": null
    },
    {
      "asset": "adc/lkcebi_adc.jpg",
      "checksum": "8da86b5c8fafcef403da67c2ef3d298e9fff5828bc7c2edeb21d4a34c3db0b4a",
      "length": 106138,
      "name": "ADC: LKCEBI",
      "package": null
    },
    {
      "asset": "adc/lknk_adc.jpg",
      "checksum": "01fa89e3644558b5be3b2ad3733b2a5b8ba38fea4f2d172909f61d05e1763bf8",
      "length": 221319,
      "name": "ADC: LKNK",
      "package": null
    },
    {
      "asset": "adc/lkpb_adc.jpg",
      "checksum": "4b3901df115b691f47a797089fb53212d5d593464e028ecbb630d49231fb2eb0",
      "length": 533602,
      "name": "ADC: LKPB",
      "package": null
    },
    {
      "asset": "adc/lkmo_adc.jpg",
      "checksum": "e9b6d3fcf88c6ed3d050270bc18ce660f04534c882b841a3ef6fedfdcb52744e",
      "length": 77416,
      "name": "ADC: LKMO",
      "package": null
    },
    {
      "asset": "adc/lkbole_adc.jpg",
      "checksum": "40ad206df8418dc8f5dc9b032357671725ac3f810f145563aa58e52d3e866bed",
      "length": 61074,
      "name": "ADC: LKBOLE",
      "package": null
    },
    {
      "asset": "adc/lkchot_adc.jpg",
      "checksum": "23b2ab91e84e3c54299e9bf060d8e263463a64357888ba6259f6c198b4c5e249",
      "length": 59527,
      "name": "ADC: LKCHOT",
      "package": null
    },
    {
      "asset": "adc/lkbrez_adc.jpg",
      "checksum": "9b9dd3961601c8378413f2676f717ab1cd450ae8928f6f728f0d6cdc4446d74b",
      "length": 67017,
      "name": "ADC: LKBREZ",
      "package": null
    },
    {
      "asset": "adc/lkrams_adc.jpg",
      "checksum": "15cfef86e2336c5974e2086d718578e10829d707b45e99afd4c4b329322795aa",
      "length": 53209,
      "name": "ADC: LKRAMS",
      "package": null
    },
    {
      "asset": "adc/lkka_adc.jpg",
      "checksum": "6651dfe96ae5ac4b8cade3c213f9be405471358076f433a089d4bdcc6a8773c4",
      "length": 105905,
      "name": "ADC: LKKA",
      "package": null
    },
    {
      "asset": "adc/lklt_adc.jpg",
      "checksum": "3741867295e8cdbc727bc127b254e0586de027a417f7b23fdf75a41d6751f04c",
      "length": 95227,
      "name": "ADC: LKLT",
      "package": null
    },
    {
      "asset": "adc/lkhlas_adc.jpg",
      "checksum": "4a054a7e302336a5dab53f60c6a035d0ce1b5ab856354415fcf1f0a7451f57ee",
      "length": 68712,
      "name": "ADC: LKHLAS",
      "package": null
    },
    {
      "asset": "adc/lkkn_adc.jpg",
      "checksum": "525449c0490e06c7889abe231f19155cfb5990ae99e74e0e6512e5ff7d11d8ad",
      "length": 504589,
      "name": "ADC: LKKN",
      "package": null
    },
    {
      "asset": "adc/lkpd_adc.jpg",
      "checksum": "66ea42a85d3ffbe5de9a2b4e500f330ea5ad3271b15fa2914edd8c337cf81109",
      "length": 205372,
      "name": "ADC: LKPD",
      "package": null
    },
    {
      "asset": "adc/lklomn_adc.jpg",
      "checksum": "143408d156102caa7c654b963f9ffa5988d3293f1d28f86e0ccb6ade4d84391a",
      "length": 46637,
      "name": "ADC: LKLOMN",
      "package": null
    },
    {
      "asset": "adc/lkcdub_adc.jpg",
      "checksum": "10bf009ae5fdce59707f200c13e1363a1aafc6629f6f368bd601c033ae653a13",
      "length": 71800,
      "name": "ADC: LKCDUB",
      "package": null
    },
    {
      "asset": "adc/lkso_adc.jpg",
      "checksum": "b43e4d9f687bb9cea13090ab1f470dcaf16ceef2beda90f88aac5dcee1b6aef1",
      "length": 88042,
      "name": "ADC: LKSO",
      "package": null
    },
    {
      "asset": "adc/lkrz_adc.jpg",
      "checksum": "12878c812c9eebabfd25cf815813f7ff9a4372e2f67744e66f085c782d33f612",
      "length": 275033,
      "name": "ADC: LKRZ",
      "package": null
    },
    {
      "asset": "adc/lkostr_adc.jpg",
      "checksum": "f4abcedcb77dad6c2ee91f8193dd36002cd22c8614eeeac4c28734d5c8fb7cd7",
      "length": 41096,
      "name": "ADC: LKOSTR",
      "package": null
    },
    {
      "asset": "adc/lkop_adc.jpg",
      "checksum": "b209d73f5669fdb5ecf6c782105616ff50b528ddadc4beb92b1233ce0d1516af",
      "length": 369253,
      "name": "ADC: LKOP",
      "package": null
    },
    {
      "asset": "adc/lkkv_adc.jpg",
      "checksum": "6937bcbe9ca14db1b055d784ee5f7f147408260693aa1e05a5bc6c189f9f8c2f",
      "length": 230189,
      "name": "ADC: LKKV",
      "package": null
    },
    {
      "asset": "adc/lkpg_adc.jpg",
      "checksum": "f5f2e26085061791ec92afb339c4f662f8838b5be449b77f5ffb656faeb249cc",
      "length": 427153,
      "name": "ADC: LKPG",
      "package": null
    },
    {
      "asset": "adc/lkhn_adc.jpg",
      "checksum": "5454ddd89dd0d57293d26ff1a866ab992f0e4ad39aaad3b8d743dfbcf94e290a",
      "length": 95174,
      "name": "ADC: LKHN",
      "package": null
    },
    {
      "asset": "adc/lkms_adc.jpg",
      "checksum": "8720efb8a98a6278403f98d0a08b968efcb2aa6360eae7589ad25efd48328a89",
      "length": 365438,
      "name": "ADC: LKMS",
      "package": null
    },
    {
      "asset": "adc/lkuh_adc.jpg",
      "checksum": "8aa6d7f8bae4fc65a2dedab7326d500fb9f5de68dd1ab184fad5725923b00e3c",
      "length": 370112,
      "name": "ADC: LKUH",
      "package": null
    },
    {
      "asset": "adc/lkosic_adc.jpg",
      "checksum": "dd44db9eb9812a2115bd3f92e1dfdcb9e4a8560b0c440b4b892360868a46d8c0",
      "length": 70099,
      "name": "ADC: LKOSIC",
      "package": null
    },
    {
      "asset": "adc/lkkj_adc.jpg",
      "checksum": "926a8b53f0119246611c58b1e7d189be01f48462393efae2067fef0085f3a64e",
      "length": 316885,
      "name": "ADC: LKKJ",
      "package": null
    },
    {
      "asset": "adc/lklouc_adc.jpg",
      "checksum": "d048aef4a074012c55b90f472a65e14b4b3e39650581f5276a44a3fb40f97515",
      "length": 44119,
      "name": "ADC: LKLOUC",
      "package": null
    },
    {
      "asset": "adc/lkvrat_adc.jpg",
      "checksum": "d8082ceecd430336e96db6adc5efc185a73ac2cd83cfcc15c4896323756c748e",
      "length": 46097,
      "name": "ADC: LKVRAT",
      "package": null
    },
    {
      "asset": "adc/lkdo_adc.jpg",
      "checksum": "964304adb392401175dc59f9ab7e6c56a49646cfe2dfc23b48a450f21260ea80",
      "length": 414006,
      "name": "ADC: LKDO",
      "package": null
    },
    {
      "asset": "adc/lkprim_adc.jpg",
      "checksum": "1adff4a84b12a949a49e960ad0f683cfb7a2d4020a7039a0a9d7688c388e2525",
      "length": 47688,
      "name": "ADC: LKPRIM",
      "package": null
    },
    {
      "asset": "adc/lkko_adc.jpg",
      "checksum": "f6ba6be9a85d1926fb06554150fd576be0fb032a39208a3e0befe8fda3e4a53a",
      "length": 69977,
      "name": "ADC: LKKO",
      "package": null
    },
    {
      "asset": "adc/lkhrad_adc.jpg",
      "checksum": "dcb0524a6e5b5b897944e9113925c4e8cc7655801b9c07268e1969aa5ae11461",
      "length": 59089,
      "name": "ADC: LKHRAD",
      "package": null
    },
    {
      "asset": "adc/lkmlad_adc.jpg",
      "checksum": "1922ee10a7344ca9ce49baa54e5784cad8b3f498357ba601a419c89c132dbd14",
      "length": 56210,
      "name": "ADC: LKMLAD",
      "package": null
    },
    {
      "asset": "adc/lkbore_adc.jpg",
      "checksum": "0acdfe779c9950658e04a05c08c856cf24ff769cc69977a87fb006ffb95329f0",
      "length": 56528,
      "name": "ADC: LKBORE",
      "package": null
    },
    {
      "asset": "adc/lkvr_adc.jpg",
      "checksum": "f99649424eaf730d58044957e63d3118dcdf261578299e8eee465b8f5a036640",
      "length": 84907,
      "name": "ADC: LKVR",
      "package": null
    },
    {
      "asset": "adc/lkzn_adc.jpg",
      "checksum": "4d40e02b5c632b4e72efa5b2c63df3e23c75e7eb948889835b1d1d6b4f8377a6",
      "length": 61041,
      "name": "ADC: LKZN",
      "package": null
    },
    {
      "asset": "adc/lkdetr_adc.jpg",
      "checksum": "4dfa1f3463e8f35e5ea94dc73cc68f5efc345d797b2ee1e300995b3f04f90a1f",
      "length": 80028,
      "name": "ADC: LKDETR",
      "package": null
    },
    {
      "asset": "adc/lkcb_adc.jpg",
      "checksum": "9d49f2254699c1bd596191e27163e308dad764c7fa20fc7d1d123333fb758aad",
      "length": 93663,
      "name": "ADC: LKCB",
      "package": null
    },
    {
      "asset": "adc/lkjr_adc.jpg",
      "checksum": "7e783cb6405a704436d781fb3ae7a6a386dfa2753fd231e45f4b25a92c5116f4",
      "length": 437469,
      "name": "ADC: LKJR",
      "package": null
    },
    {
      "asset": "adc/lkslus_adc.jpg",
      "checksum": "58348c64a49caa78fc344905e58f55493b99a7e6b34e38131d5f53a08814a557",
      "length": 63589,
      "name": "ADC: LKSLUS",
      "package": null
    },
    {
      "asset": "adc/lkpm_adc.jpg",
      "checksum": "a9dbdad931e0c7724dd4679269f29e6748b6fc844773b09ed8bab213a7220058",
      "length": 235247,
      "name": "ADC: LKPM",
      "package": null
    },
    {
      "asset": "adc/lkopav_adc.jpg",
      "checksum": "48685b1e886c2cb9e59b27d7b4564d0fe866dbb533795184567d5f5e725f8f2f",
      "length": 47743,
      "name": "ADC: LKOPAV",
      "package": null
    },
    {
      "asset": "adc/lkmist_adc.jpg",
      "checksum": "b703a08a903e155df169ca6d18127128ab48c7b6b9a85a15a215d9acdc0c09de",
      "length": 75667,
      "name": "ADC: LKMIST",
      "package": null
    },
    {
      "asset": "adc/lkkl_adc.jpg",
      "checksum": "0f0b3741528a7664eb7cafc2770f8d0feb4db13e45c68128c1dad0c4ff101e9b",
      "length": 262789,
      "name": "ADC: LKKL",
      "package": null
    },
    {
      "asset": "adc/lkzd_adc.jpg",
      "checksum": "da5b75af2f81d2c313b0f8ccde597121b18fd2f572d3f8c8cad10b5532c77536",
      "length": 84200,
      "name": "ADC: LKZD",
      "package": null
    },
    {
      "asset": "adc/lksa_adc.jpg",
      "checksum": "4b469682ae454925598b474f94dc6811573369d6dafad3bea019ed17c15bf7a2",
      "length": 67979,
      "name": "ADC: LKSA",
      "package": null
    },
    {
      "asset": "adc/lkchri_adc.jpg",
      "checksum": "c7b5b90a368635949f83c0bda214c3cd6b610a8d0f8dc02a6dd46796ed4ad73c",
      "length": 45467,
      "name": "ADC: LKCHRI",
      "package": null
    },
    {
      "asset": "adc/lkpz_adc.jpg",
      "checksum": "56233b238b45d748f90f6a72aba77b38ee52502b6666e653a1cb58f46b3e56bf",
      "length": 415580,
      "name": "ADC: LKPZ",
      "package": null
    },
    {
      "asset": "adc/lkja_adc.jpg",
      "checksum": "a85431d8ddb6cab3f086ac4e79bb5be9e81bba4dac40635be69a97e07b3a88ca",
      "length": 146702,
      "name": "ADC: LKJA",
      "package": null
    },
    {
      "asset": "adc/lkpc_adc.jpg",
      "checksum": "0e6ee9c56d9fc5d659783730f50badeddfcd32c3aa6e08992bce71763f63ef55",
      "length": 143314,
      "name": "ADC: LKPC",
      "package": null
    },
    {
      "asset": "adc/lkpisk_adc.jpg",
      "checksum": "810acf443de1dec2c38ef511ccabadb30ec256f9682f7a69dc9a56239712d2b0",
      "length": 84462,
      "name": "ADC: LKPISK",
      "package": null
    },
    {
      "asset": "adc/lkpl_adc.jpg",
      "checksum": "d51f948b1d72aaa457c136d771a64d7df6f95e9a6a118cff210e6e820f24cc05",
      "length": 74754,
      "name": "ADC: LKPL",
      "package": null
    },
    {
      "asset": "adc/lkmh_adc.jpg",
      "checksum": "43d7c48c0b438f6a58756c02d57c8ae7eea8f5414a8145aeb2e4f02f484020d5",
      "length": 226943,
      "name": "ADC: LKMH",
      "package": null
    },
    {
      "asset": "adc/lkhd_adc.jpg",
      "checksum": "1eb7676bb2b11b1247a76f67b3726867fad2e93fc05f8199e537bfac4cae15e9",
      "length": 74717,
      "name": "ADC: LKHD",
      "package": null
    },
    {
      "asset": "adc/lkhb_adc.jpg",
      "checksum": "57db9985f183ea2b7786ed8f8fe6edf74b212f4def1884f6d019f58e97fe868f",
      "length": 110490,
      "name": "ADC: LKHB",
      "package": null
    },
    {
      "asset": "adc/lkcd_adc.jpg",
      "checksum": "93162817099c77fc8ae362ef996a023e4f5cad5c59fbbdc3c96681c82684bb69",
      "length": 390590,
      "name": "ADC: LKCD",
      "package": null
    },
    {
      "asset": "adc/lkln_adc.jpg",
      "checksum": "f4d5c9099e51274156606044c1cae079893fd483243a8a5dd1a49f552e4cbde9",
      "length": 200501,
      "name": "ADC: LKLN",
      "package": null
    },
    {
      "asset": "adc/lknymb_adc.jpg",
      "checksum": "95717eb760241e5f6bb672840444c41e1c573aa19f504c95db46bf06628e9a2a",
      "length": 36478,
      "name": "ADC: LKNYMB",
      "package": null
    },
    {
      "asset": "adc/lktepl_adc.jpg",
      "checksum": "07006f2dff1018e0d9bca406a4ed3629ac9ccd66bf6dfa864cbecb42ac258eb7",
      "length": 67731,
      "name": "ADC: LKTEPL",
      "package": null
    },
    {
      "asset": "adc/lkpp_adc.jpg",
      "checksum": "c78678edb537c07732049bec8af0e8d0ededa8104982f0a094a9298572ac6718",
      "length": 273256,
      "name": "ADC: LKPP",
      "package": null
    },
    {
      "asset": "adc/lkro_adc.jpg",
      "checksum": "4f47ff3bb16765a5b79415cd121a2314c8d47b6a038d13452544fbb0dea1d6f3",
      "length": 98456,
      "name": "ADC: LKRO",
      "package": null
    },
    {
      "asset": "adc/lkcu_adc.jpg",
      "checksum": "cbb9a094c49be12cacc3b7167e73157033a22e4ae9a6e66f0c46a7ac67031877",
      "length": 456160,
      "name": "ADC: LKCU",
      "package": null
    },
    {
      "asset": "adc/lkpe_adc.jpg",
      "checksum": "10d025d9caacbf86f5dade52b3247939c2e206b79c9be593cf7712e7bfb6869f",
      "length": 439767,
      "name": "ADC: LKPE",
      "package": null
    },
    {
      "asset": "adc/lklo_adc.jpg",
      "checksum": "9bd5536579a0de315b783a155fb031179e322063fee93a21e6afea76214ef91d",
      "length": 427687,
      "name": "ADC: LKLO",
      "package": null
    },
    {
      "asset": "adc/lkmk_adc.jpg",
      "checksum": "0281bbe65cf507337f2dfccca795ee8bd69b027975b6f88b1043e5bb188f9111",
      "length": 138815,
      "name": "ADC: LKMK",
      "package": null
    },
    {
      "asset": "adc/lklh_adc.jpg",
      "checksum": "df670ce3a6a3be69c6f489a8cc8fd3fe9712d8bde87724265e2272e3d4a3ef52",
      "length": 277489,
      "name": "ADC: LKLH",
      "package": null
    },
    {
      "asset": "adc/lknapa_adc.jpg",
      "checksum": "f73d6415b9e9f949ff9627c58a3607ebd37bec531c670f9bd56f0e76a901b11c",
      "length": 56309,
      "name": "ADC: LKNAPA",
      "package": null
    },
    {
      "asset": "adc/lkpk_adc.jpg",
      "checksum": "3749867e3e4ba2e3e73b5a0ab849ddf40a5395e6e616693d44c05adca7830f1e",
      "length": 428278,
      "name": "ADC: LKPK",
      "package": null
    },
    {
      "asset": "adc/lkpole_adc.jpg",
      "checksum": "9081e98fe9eea2e4414484da96b2f8dab18140bfde622f0b004b04f1eb19a95b",
      "length": 106368,
      "name": "ADC: LKPOLE",
      "package": null
    },
    {
      "asset": "adc/lktere_adc.jpg",
      "checksum": "5724bfabc11e22e07c6639a62142cd32c3c533fe94db7538d6a71f29b939c47f",
      "length": 70271,
      "name": "ADC: LKTERE",
      "package": null
    },
    {
      "asset": "adc/lkzm_adc.jpg",
      "checksum": "734b3e2b3de030caad7741cf2d4078d9e7d0c5774fd5fb6c09c38b9cab5c1d8c",
      "length": 114413,
      "name": "ADC: LKZM",
      "package": null
    },
    {
      "asset": "adc/lkvn_adc.jpg",
      "checksum": "5265c1a84d994367957755479d6779d261b08d451c37cfc6e0d41f0f5217eed9",
      "length": 395095,
      "name": "ADC: LKVN",
      "package": null
    },
    {
      "asset": "adc/lkhr_adc.jpg",
      "checksum": "0cc2b1edef7c8ca28af071c1ff1e5f921dc38adb56bfb9b86e0c13080b3ddcf4",
      "length": 366738,
      "name": "ADC: LKHR",
      "package": null
    },
    {
      "asset": "adc/lkjc_adc.jpg",
      "checksum": "6626f8e6164a4e473688db5891c7be46c2ad3f30659b3c5a6d3530dc103f4b00",
      "length": 121583,
      "name": "ADC: LKJC",
      "package": null
    },
    {
      "asset": "adc/lkchor_adc.jpg",
      "checksum": "285c72bc17180b25cf6ddc0fbdc605ab7cee6eb9a6f85645571c838dc161006f",
      "length": 50139,
      "name": "ADC: LKCHOR",
      "package": null
    },
    {
      "asset": "adc/lkvm_adc.jpg",
      "checksum": "33a48cdd045a9bb1363eda6dcdf406d7f1071189dd76e1bd10993f8f6609dea2",
      "length": 94395,
      "name": "ADC: LKVM",
      "package": null
    },
    {
      "asset": "adc/lkdoud_adc.jpg",
      "checksum": "89b4afb6f9a67ebaabf93518582ae9746567ce485c8417b3b7440d301b34d8a9",
      "length": 43458,
      "name": "ADC: LKDOUD",
      "package": null
    },
    {
      "asset": "adc/lktu_adc.jpg",
      "checksum": "bd9f18efc469831534bcac56058660a8a9488e2f268490124da31320fbecd06d",
      "length": 325679,
      "name": "ADC: LKTU",
      "package": null
    },
    {
      "asset": "adc/lkkvas_adc.jpg",
      "checksum": "736a901a65b28b5dcd4006cee9017a72466b16105c6632337af11d669dd6b370",
      "length": 46280,
      "name": "ADC: LKKVAS",
      "package": null
    },
    {
      "asset": "adc/lkdruz_adc.jpg",
      "checksum": "2135abdf240d0c3e173f8a24872a79c970b0ea25f47ee8911eafa53adc1f4997",
      "length": 45738,
      "name": "ADC: LKDRUZ",
      "package": null
    },
    {
      "asset": "adc/lkme_adc.jpg",
      "checksum": "d9b0c67348babc96ed4aa09cb75ac40ce3cecc4394474df5aa46ca94a3edde3c",
      "length": 561133,
      "name": "ADC: LKME",
      "package": null
    },
    {
      "asset": "adc/lknvce_adc.jpg",
      "checksum": "a2568330bb16e38958a51475899e35368e2f35ec3823e01cb66c3f19ab96649e",
      "length": 58677,
      "name": "ADC: LKNVCE",
      "package": null
    },
    {
      "asset": "adc/lkhk_adc.jpg",
      "checksum": "1e79c9d786e8b7540bb5f0b7881d3dfb1d42f27fbbd38b0423502ec1379e08e7",
      "length": 416497,
      "name": "ADC: LKHK",
      "package": null
    },
    {
      "asset": "adc/lklk_adc.jpg",
      "checksum": "07ae3ba3327a8adadb0c215d725b1753d45417611301c4da3d9ba067c4dd8924",
      "length": 279806,
      "name": "ADC: LKLK",
      "package": null
    },
    {
      "asset": "adc/lkexca_adc.jpg",
      "checksum": "8288c39676fe989c34e38005885874b11392f8d708849e10618bb79fd4f31174",
      "length": 60153,
      "name": "ADC: LKEXCA",
      "package": null
    },
    {
      "asset": "adc/lkpt_adc.jpg",
      "checksum": "f6d46c1f4e525fd4d35ac4663fe3b766afada769ed2efd779a11071ec04d887b",
      "length": 531640,
      "name": "ADC: LKPT",
      "package": null
    },
    {
      "asset": "adc/lkmi_adc.jpg",
      "checksum": "1b3694979aa8ea3a416211ed5b76d1e7feab93b07a12b2c793578356afdb4fbc",
      "length": 84289,
      "name": "ADC: LKMI",
      "package": null
    },
    {
      "asset": "adc/lkbg_adc.jpg",
      "checksum": "3504ec68201ff46bcf4c98416033dd7a9f1ec67095bd07c48c98d4f798beac21",
      "length": 324246,
      "name": "ADC: LKBG",
      "package": null
    },
    {
      "asset": "adc/lkrv_adc.jpg",
      "checksum": "4b09489836f41958f2965d51983c82bb7b769eb9a944fd6dd338ade72887afa3",
      "length": 523534,
      "name": "ADC: LKRV",
      "package": null
    },
    {
      "asset": "adc/lkmt_adc.jpg",
      "checksum": "c885eafb0fd422007d9eb18dc936ec8829adbe0bed3afea06d3ee362b1b5aa09",
      "length": 401330,
      "name": "ADC: LKMT",
      "package": null
    },
    {
      "asset": "adc/lkbyno_adc.jpg",
      "checksum": "b78e49ca67b4c65741c10692c2d65dc683d114bc8cc893c27ba0165a8ecb5968",
      "length": 33410,
      "name": "ADC: LKBYNO",
      "package": null
    },
    {
      "asset": "adc/lkrk_adc.jpg",
      "checksum": "f20df6e029397623811b84369b492a91f812e6ca150167d216205983a23b3b20",
      "length": 93900,
      "name": "ADC: LKRK",
      "package": null
    },
    {
      "asset": "adc/lkmira_adc.jpg",
      "checksum": "b095fdd7a78034418c7e71581a63bcd54337d703d448dd5d460345a1ed28e75c",
      "length": 67160,
      "name": "ADC: LKMIRA",
      "package": null
    },
    {
      "asset": "adc/lkkriz_adc.jpg",
      "checksum": "ad648b7bb5d29d362d60ad9127fda6d8424008ec6d04322658134a7ccf5af09f",
      "length": 42545,
      "name": "ADC: LKKRIZ",
      "package": null
    },
    {
      "asset": "vfr-data.zip",
      "checksum": "43e7aef4b0261a6507b043582a8367452e650803a3fbdbc9e1d2a212a1af37a4",
      "length": 308087,
      "name": "VFR Data",
      "package": null
    }
  ],
  "version": "2023.10.28"
}